-- phpMyAdmin SQL Dump
-- version 4.9.0.1
-- https://www.phpmyadmin.net/
--
-- Host: 127.0.0.1
-- Generation Time: Nov 10, 2020 at 02:27 PM
-- Server version: 10.4.6-MariaDB
-- PHP Version: 7.3.9

SET SQL_MODE = "NO_AUTO_VALUE_ON_ZERO";
SET AUTOCOMMIT = 0;
START TRANSACTION;
SET time_zone = "+00:00";


/*!40101 SET @OLD_CHARACTER_SET_CLIENT=@@CHARACTER_SET_CLIENT */;
/*!40101 SET @OLD_CHARACTER_SET_RESULTS=@@CHARACTER_SET_RESULTS */;
/*!40101 SET @OLD_COLLATION_CONNECTION=@@COLLATION_CONNECTION */;
/*!40101 SET NAMES utf8mb4 */;

--
-- Database: `alumni`
--

-- --------------------------------------------------------

--
-- Table structure for table `chat`
--

CREATE TABLE `chat` (
  `chat_id` int(11) NOT NULL,
  `g_member_id` int(11) NOT NULL,
  `m_id` int(11) NOT NULL,
  `message` varchar(100) NOT NULL,
  `time_posted` time NOT NULL,
  `date_posted` date NOT NULL
) ENGINE=InnoDB DEFAULT CHARSET=utf8mb4;

--
-- Dumping data for table `chat`
--

INSERT INTO `chat` (`chat_id`, `g_member_id`, `m_id`, `message`, `time_posted`, `date_posted`) VALUES
(38, 8, 19, 'Can we try to add something??', '14:48:35', '2020-10-24'),
(39, 8, 19, 'Can we try to add something??', '14:48:41', '2020-10-24'),
(40, 8, 19, 'Can we try to add something??', '14:48:47', '2020-10-24'),
(41, 8, 12, 'Owky we try to add something??', '14:49:33', '2020-10-24'),
(42, 8, 12, 'Owky we try to add something??', '14:49:48', '2020-10-24'),
(43, 8, 15, '\r\nNa mm wacha nijaribu kuadd...', '14:50:59', '2020-10-24'),
(45, 8, 15, 'Hili group linahusiana na nn ??', '14:52:13', '2020-10-24'),
(46, 8, 12, 'Hili ni kuhusu mambo ya chuo tu', '14:53:29', '2020-10-24');

-- --------------------------------------------------------

--
-- Table structure for table `collagenews`
--

CREATE TABLE `collagenews` (
  `co_news_id` int(11) NOT NULL,
  `user_ID` int(11) NOT NULL,
  `news_tittle` varchar(50) NOT NULL,
  `news_description` varchar(200) NOT NULL,
  `date_created` datetime NOT NULL,
  `attachment` varchar(50) NOT NULL,
  `attachment2` varchar(50) NOT NULL
) ENGINE=InnoDB DEFAULT CHARSET=latin1;

--
-- Dumping data for table `collagenews`
--

INSERT INTO `collagenews` (`co_news_id`, `user_ID`, `news_tittle`, `news_description`, `date_created`, `attachment`, `attachment2`) VALUES
(5, 29, 'KUHUSU KUFUNGULIWA KWA DIRISHA LA USAJILI MWAKA 20', '<p>Kuhusu kufunguliwa kwa dirisha la usajili wa wanafunzi wapya wa mwaka 2021</p>\r\n', '2020-10-14 04:28:25', 'Hasuko.jpg', 'Hasuko.jpg'),
(6, 29, 'KUHUSU MAADHIMISHO YA KUMUAGA MKUU WA CHUO', '<p>Kuhusu kumuaga mkuu wa chuo ambae ni Raisi wa Zanzibar</p>\r\n', '2020-10-14 04:29:42', 'Hasuko.jpg', 'Hasuko.jpg');

-- --------------------------------------------------------

--
-- Table structure for table `comment`
--

CREATE TABLE `comment` (
  `comment_id` int(11) NOT NULL,
  `forum_id` int(11) NOT NULL,
  `user_ID` int(11) NOT NULL,
  `comment_description` varchar(200) NOT NULL,
  `comment_time` varchar(200) NOT NULL
) ENGINE=InnoDB DEFAULT CHARSET=latin1;

--
-- Dumping data for table `comment`
--

INSERT INTO `comment` (`comment_id`, `forum_id`, `user_ID`, `comment_description`, `comment_time`) VALUES
(1, 4, 63, 'Congratulation for your Design', '2020-10-15 02:19:30pm'),
(2, 4, 60, 'I really like it Mabulla', '2020-10-15 02:22:47pm'),
(3, 4, 29, 'Thank u all of you \r\ni appreciate your concern', '2020-10-15 02:27:12pm'),
(4, 4, 63, 'hh', '2020-10-15 02:43:05pm'),
(5, 4, 63, 'test', '2020-10-15 02:47:20pm'),
(6, 4, 63, 'hj', '2020-10-15 02:48:49pm'),
(7, 4, 63, 'jhhh', '2020-10-15 02:49:00pm'),
(8, 4, 60, 'Yooo', '2020-10-15 09:39:34pm'),
(9, 1, 60, 'Why you peopledont comment on my Post', '2020-10-15 09:46:51pm'),
(10, 4, 67, 'Jamani uwo mkopo tunatakiwa tukjaze lni izo fomu?', '2020-10-20 09:36:40am'),
(11, 1, 67, 'Dot worry mr seif we will', '2020-10-20 09:56:32am'),
(12, 4, 29, 'Admin', '2020-10-22 12:25:28pm'),
(13, 6, 29, 'no comment till now', '2020-10-22 12:26:30pm'),
(14, 4, 60, '', '2020-10-24 02:13:03pm');

-- --------------------------------------------------------

--
-- Table structure for table `event`
--

CREATE TABLE `event` (
  `event_id` int(11) NOT NULL,
  `user_ID` int(11) NOT NULL,
  `event_tittle` varchar(50) NOT NULL,
  `event_description` varchar(200) NOT NULL,
  `e_time` datetime NOT NULL,
  `e_address` varchar(50) NOT NULL,
  `attachment` varchar(50) NOT NULL
) ENGINE=InnoDB DEFAULT CHARSET=latin1;

--
-- Dumping data for table `event`
--

INSERT INTO `event` (`event_id`, `user_ID`, `event_tittle`, `event_description`, `e_time`, `e_address`, `attachment`) VALUES
(9, 29, 'qwertyuio', '<p>etryuiytrewrtyutretyu</p>\r\n\r\n<p>ghjkldgfhg</p>\r\n', '2020-10-13 16:27:00', 'dsdsdsds', 'Hasuko.jpg');

-- --------------------------------------------------------

--
-- Table structure for table `feedback`
--

CREATE TABLE `feedback` (
  `feed_id` int(11) NOT NULL,
  `name` varchar(100) NOT NULL,
  `email` varchar(100) NOT NULL,
  `feedbacks` varchar(100) NOT NULL
) ENGINE=InnoDB DEFAULT CHARSET=latin1;

--
-- Dumping data for table `feedback`
--

INSERT INTO `feedback` (`feed_id`, `name`, `email`, `feedbacks`) VALUES
(11, 'Sleman Hasuko', 'hasuko@gmail.com', 'i like the way you type'),
(12, 'Sleman Hasuko', 'hasuko@gmail.com', 'i like the way you type');

-- --------------------------------------------------------

--
-- Table structure for table `forum`
--

CREATE TABLE `forum` (
  `forum_id` int(11) NOT NULL,
  `user_ID` int(11) NOT NULL,
  `forum_tittle` varchar(100) NOT NULL,
  `forum_description` varchar(200) NOT NULL,
  `forum_date` datetime NOT NULL,
  `forum_attachment` varchar(50) NOT NULL
) ENGINE=InnoDB DEFAULT CHARSET=latin1;

--
-- Dumping data for table `forum`
--

INSERT INTO `forum` (`forum_id`, `user_ID`, `forum_tittle`, `forum_description`, `forum_date`, `forum_attachment`) VALUES
(1, 60, 'KUHUSU MATOKEO YA WANAFUNZI WA SUZA 2020', 'I love dals. All kinds of them but yellow moong dal is my go-to lentil when I am in need of some easy comfort food. In this recipe I added suva or dill leaves to the classic moong dal recipe for a twi', '2020-10-15 10:46:06', 'Seif.jpg'),
(4, 29, 'KUHUSU KU RENEW MKOPO 2020', 'I love dals. All kinds of them but yellow moong dal is my go-to lentil when I am in need of some easy comfort food. In this recipe I added suva or dill leaves to the classic moong dal recipe for a twi', '2020-10-15 11:21:14', 'hasuko.jpg'),
(5, 62, 'KUHUSU MATOKEO YA WANAFUNZI WA SUZA 2020', '<p>KUHUSU MATOKEO YA WANAFUNZI WA SUZA 2020KUHUSU MATOKEO YA WANAFUNZI WA SUZA 2020</p>\r\n\r\n<p>KUHUSU MATOKEO YA WANAFUNZI WA SUZA 2020KUHUSU MATOKEO YA WANAFUNZI WA SUZA 2020</p>\r\n\r\n<p>KUHUSU MATOKEO ', '2020-10-20 12:31:24', 'Chotta.png'),
(6, 59, 'KUHUSU KU RENEW MKOPO 2020', '<p>KUHUSU MATOKEO YA WANAFUNZI WA SUZA 2020</p>\r\n\r\n<p>KUHUSU MATOKEO YA WANAFUNZI WA SUZA 2020</p>\r\n\r\n<p>KUHUSU MATOKEO YA WANAFUNZI WA SUZA 2020</p>\r\n\r\n<p>KUHUSU MATOKEO YA WANAFUNZI WA SUZA 2020</p>', '2020-10-20 12:32:29', 'Mudathir.jpg');

-- --------------------------------------------------------

--
-- Table structure for table `groupss`
--

CREATE TABLE `groupss` (
  `group_id` int(11) NOT NULL,
  `user_id` int(11) NOT NULL,
  `g_name` varchar(50) NOT NULL,
  `gdesc` text NOT NULL,
  `g_picture` varchar(50) NOT NULL
) ENGINE=InnoDB DEFAULT CHARSET=latin1;

--
-- Dumping data for table `groupss`
--

INSERT INTO `groupss` (`group_id`, `user_id`, `g_name`, `gdesc`, `g_picture`) VALUES
(1, 63, 'test group1', 'Kuhusu Udahili wa Chuo', 'Mabulla.jpg'),
(2, 63, 'test group2', 'Kuhusu Uchaguzi Mkuu mwaka 2020', 'Mabulla.png'),
(4, 60, 'BCS 2ND YEAR', 'about subjects and sharering of data ', 'Seif.png'),
(5, 67, 'PROGRAMMING BCS 2020', 'Kuhusu programming tu  group hili', 'Moza.jpg'),
(6, 62, 'PROCUREMENT NOTES', 'Notes about procurement only', 'Chotta.png'),
(7, 29, 'ADMIN GROUP', 'Kuhusu utumiaji wa system yetu tu, ambapo wahusika watafahamishwa', 'hasuko.png');

-- --------------------------------------------------------

--
-- Table structure for table `group_members`
--

CREATE TABLE `group_members` (
  `g_member_id` int(11) NOT NULL,
  `grou_id` int(11) NOT NULL,
  `m_id` int(11) NOT NULL
) ENGINE=InnoDB DEFAULT CHARSET=latin1;

--
-- Dumping data for table `group_members`
--

INSERT INTO `group_members` (`g_member_id`, `grou_id`, `m_id`) VALUES
(1, 1, 15),
(4, 4, 12),
(5, 1, 12),
(6, 2, 12),
(7, 2, 15),
(8, 5, 19),
(9, 4, 19),
(10, 2, 19),
(11, 1, 19),
(12, 6, 14),
(13, 5, 11),
(14, 5, 15),
(15, 5, 14),
(16, 5, 13),
(17, 5, 12),
(18, 5, 10),
(19, 7, 1);

-- --------------------------------------------------------

--
-- Table structure for table `login`
--

CREATE TABLE `login` (
  `login_id` int(11) NOT NULL,
  `username` varchar(50) NOT NULL,
  `password` varchar(50) NOT NULL,
  `user_role` varchar(20) NOT NULL,
  `user_status` varchar(11) NOT NULL,
  `last_login` timestamp NOT NULL DEFAULT current_timestamp() ON UPDATE current_timestamp(),
  `profile` varchar(30) NOT NULL DEFAULT 'picture.png'
) ENGINE=InnoDB DEFAULT CHARSET=latin1;

--
-- Dumping data for table `login`
--

INSERT INTO `login` (`login_id`, `username`, `password`, `user_role`, `user_status`, `last_login`, `profile`) VALUES
(29, 'HASUKO', '7c4a8d09ca3762af61e59520943dc26494f8941b', 'ADMIN', 'ACTIVE', '2020-10-15 12:26:15', 'picture.png'),
(58, 'Ndandy', '8cb2237d0679ca88db6464eac60da96345513964', 'ALUMNI', 'ACTIVE', '2020-10-13 01:09:00', 'picture.png'),
(59, 'Mudathir', '8cb2237d0679ca88db6464eac60da96345513964', 'ALUMNI', 'ACTIVE', '2020-10-13 01:09:23', 'picture.png'),
(60, 'Seif', '8cb2237d0679ca88db6464eac60da96345513964', 'ALUMNI', 'ACTIVE', '2020-10-13 01:09:51', 'picture.png'),
(61, 'Alliy', '8cb2237d0679ca88db6464eac60da96345513964', 'ALUMNI', 'ACTIVE', '2020-10-13 01:10:46', 'picture.png'),
(62, 'Chotta', '8cb2237d0679ca88db6464eac60da96345513964', 'ALUMNI', 'ACTIVE', '2020-10-13 01:11:41', 'picture.png'),
(63, 'Mabulla', '8cb2237d0679ca88db6464eac60da96345513964', 'ALUMNI', 'ACTIVE', '2020-10-24 12:06:40', 'picture.png'),
(64, 'Masanja', '8cb2237d0679ca88db6464eac60da96345513964', 'ALUMNI', 'ACTIVE', '2020-10-13 01:13:11', 'picture.png'),
(65, 'hamisa', '8cb2237d0679ca88db6464eac60da96345513964', 'ALUMNI', 'ACTIVE', '2020-10-13 01:13:59', 'picture.png'),
(66, 'Asha', '8cb2237d0679ca88db6464eac60da96345513964', 'ALUMNI', 'ACTIVE', '2020-10-13 01:14:40', 'picture.png'),
(67, 'Moza', '7c4a8d09ca3762af61e59520943dc26494f8941b', 'ALUMNI', 'ACTIVE', '2020-10-20 07:46:25', 'picture.png');

-- --------------------------------------------------------

--
-- Table structure for table `members`
--

CREATE TABLE `members` (
  `m_id` int(11) NOT NULL,
  `user_id` int(11) NOT NULL
) ENGINE=InnoDB DEFAULT CHARSET=latin1;

--
-- Dumping data for table `members`
--

INSERT INTO `members` (`m_id`, `user_id`) VALUES
(1, 29),
(10, 58),
(11, 59),
(12, 60),
(13, 61),
(14, 62),
(15, 63),
(16, 64),
(17, 65),
(18, 66),
(19, 67);

-- --------------------------------------------------------

--
-- Table structure for table `opportunity`
--

CREATE TABLE `opportunity` (
  `opportunity_id` int(11) NOT NULL,
  `user_ID` int(11) NOT NULL,
  `opportunity_type` varchar(50) NOT NULL,
  `opportunity_descrip` varchar(200) NOT NULL,
  `skills` varchar(50) NOT NULL,
  `contact` varchar(20) NOT NULL,
  `attachment` varchar(100) NOT NULL
) ENGINE=InnoDB DEFAULT CHARSET=latin1;

--
-- Dumping data for table `opportunity`
--

INSERT INTO `opportunity` (`opportunity_id`, `user_ID`, `opportunity_type`, `opportunity_descrip`, `skills`, `contact`, `attachment`) VALUES
(8, 29, 'Ajira', 'Ajira kwa Wahitimu wa Kidatu cha 6 na waliomaliza Shahada \r\nYa Ualimu na Utumiaji wa Computer', 'Computer Skill', '+255778909078', 'hasuko.jpg'),
(9, 29, 'Scholar Ship', 'Kwa wanaohitaji kuendelea namasomo ya Masters ,\r\nChuo kinatoa Scholar Ship ya kusoma nchi mbali mbali\r\nikiwemo Canada,China,Malaysia kwa kozi zote', 'Computer Skill', '+25577890907', 'hasuko.jpg'),
(12, 29, 'Field Training', 'Chuo kinawatangazia wanafunzi wote walohitimu kinatoa nafac kwa \r\nkufanya mafunzo ya kuweza kuonggeza ujuzi (Field Training)\r\n', 'Written Skill', '+99 56342189', 'hasuko.jpg'),
(13, 29, 'Field Training', 'Chuo kinawatangazia wanafunzi wote walohitimu kinatoa nafac kwa \r\nkufanya mafunzo ya kuweza kuonggeza ujuzi (Field Training)\r\n', 'Written Skill', '+99 56342189', 'hasuko.jpg');

-- --------------------------------------------------------

--
-- Table structure for table `profile`
--

CREATE TABLE `profile` (
  `info_id` int(11) NOT NULL,
  `user_ID` int(11) NOT NULL,
  `date_of_birth` date NOT NULL,
  `language` varchar(50) NOT NULL,
  `country` varchar(50) NOT NULL,
  `city` varchar(50) NOT NULL,
  `skill` varchar(100) NOT NULL DEFAULT 'Oral Communication',
  `health` varchar(100) NOT NULL DEFAULT '---------',
  `appearance` varchar(100) NOT NULL DEFAULT 'healthy',
  `characteristic` varchar(100) NOT NULL DEFAULT 'Cooperative',
  `primary_education` varchar(100) NOT NULL,
  `secondary` varchar(100) NOT NULL,
  `advance` varchar(100) NOT NULL,
  `program_study` varchar(100) NOT NULL,
  `year_graduated` varchar(30) NOT NULL,
  `program_year` varchar(50) NOT NULL,
  `gpa` varchar(11) NOT NULL,
  `university` varchar(100) NOT NULL DEFAULT 'State University of Zanzibar'
) ENGINE=InnoDB DEFAULT CHARSET=latin1;

--
-- Dumping data for table `profile`
--

INSERT INTO `profile` (`info_id`, `user_ID`, `date_of_birth`, `language`, `country`, `city`, `skill`, `health`, `appearance`, `characteristic`, `primary_education`, `secondary`, `advance`, `program_study`, `year_graduated`, `program_year`, `gpa`, `university`) VALUES
(7, 60, '2000-09-14', 'ENGLISH', 'INDIA', 'MUMBAI', 'DRIVING SKILL & PC MAINTANANCE SKILL', 'DIABETIC', 'healthy', 'Cooperative', 'GLORIOUS ACADEMY PRIMARY SCHOOL', 'SOS SECONDARY SCHOOL', 'LUMUMBA SEC SCHOOL', 'COMPUTER SCIENCE', '0000-00-00 00:00:00', '3', '4', 'State University of Zanzibar'),
(8, 63, '1994-10-14', 'Swahii', 'Tanzania', 'Dar es Salam', '---------', '----------', 'healthy', 'Cooperative', 'Mazizini Primary School', 'K/ Samaki Secondary School', 'Fedha Boys School', 'Computer Science', '2020/2021', '3', '3', 'State University of Zanzibar'),
(9, 67, '1992-09-20', 'Swahili', 'Tanzania', 'Zanzibar', 'Cooking Skills && Computer Skills', '----------', 'healthy', 'Cooperative', 'K/Samaki Primary School', 'K/Samaki Secondary School', '----------------', 'Diploma in Computer Science', '2016  /  2017', '2', '3', 'State University of Zanzibar'),
(10, 59, '1997-10-23', 'Swahili', 'Tanzania', 'Zanzibar', '----------------------', 'Corona Virus', 'healthy', 'Cooperative', 'Jangombe Primary School', 'Jangombe Secondary School', 'tumekuja Secondary School', 'Diloma in Information Technology', '2018 / 2019', '2', '5', 'State University of Zanzibar'),
(11, 62, '2000-12-22', 'Swahili', 'Tanzania', 'Dodoma', 'Driving Skill', '----------', 'healthy', 'Cooperative', 'Nangumnhu Primary School', 'Feza Boy Secondary School', 'Feza Boy Advance Secondary School', 'Degree In Procurement', '2019 / 2020', '4   Years', '4.0 ++', 'State University of Zanzibar'),
(12, 61, '1994-06-21', 'Swahili', 'Tanzania', 'Zanzibar', 'PROGRAMMING SKILL', 'Ears Problem', 'healthy', 'Cooperative', 'MTOPEPO PRIMARY SCHOOL', 'ZANZIBAR COMMERCIAL SEC SCHOOL', 'LUMUMBA SEC SCHOOL', 'DIPLOMA IN COMPUTER SCIENCE', '2018 /2019', '2   Years', '4.0 ++', 'State University of Zanzibar'),
(13, 58, '2020-10-20', 'Swahili', 'Tanzania', 'Zanzibar', 'FOOTBALL SKILL', '----------', 'healthy', 'Cooperative', 'MWANAKWEREKWE PRIMARY SCHOOL', 'MWANAKWEREKWE SEC SCHOOL', '-----------------------', 'INCLUSIVE WDUCATION', '2017 /2018', '3   Years', '3.0 ++', 'State University of Zanzibar');

-- --------------------------------------------------------

--
-- Table structure for table `users`
--

CREATE TABLE `users` (
  `user_ID` int(11) NOT NULL,
  `f_name` varchar(50) NOT NULL,
  `l_name` varchar(50) NOT NULL,
  `address` varchar(50) NOT NULL,
  `gender` varchar(50) NOT NULL,
  `email` varchar(50) NOT NULL,
  `contact` varchar(50) NOT NULL,
  `user_bio` varchar(100) NOT NULL,
  `approval` varchar(50) NOT NULL DEFAULT 'not-approved'
) ENGINE=InnoDB DEFAULT CHARSET=latin1;

--
-- Dumping data for table `users`
--

INSERT INTO `users` (`user_ID`, `f_name`, `l_name`, `address`, `gender`, `email`, `contact`, `user_bio`, `approval`) VALUES
(29, 'Sleman', 'Hasuko', 'Magomeni', 'Male', 'hasuko52@gmail.com', '+25577453166', 'JUST SHOW MME THE CODE ???  DONT DO ANYTHING PLEASE', 'approved'),
(58, 'Haidar', 'Ndandiy', 'Magomeni', 'Male', 'muda@yahoo.com', '+0345678909', '', 'approved'),
(59, 'Mudathir', 'yahya', 'Magomeni', 'Male', 'muda@yahoo.com', '+255774567890', '', 'approved'),
(60, 'Seif', 'Aboud', 'MBWENI', 'Male', 'seif@gmail.com', '0673456798', 'EVERY THING SHAL COME BY ITS TIME', 'approved'),
(61, 'Alliy', 'Foum ', 'D/Bovu', 'Male', 'foummganga@yahoo.com', '+0345678909', '', 'approved'),
(62, 'Sebius', 'N- Chotta', 'Jumbi', 'Male', 'sebius@yahoo.com', '+0345678909', '', 'approved'),
(63, 'Mabula', 'Limbu', 'Jumbi', 'Male', 'mabulalimbu@icloud.com', '+255774567890', 'JUST SHOW MME THE CODE ???  DONT DO ANYTHING PLEASE', 'approved'),
(64, 'Ngunhu ', 'Massanja', 'Jumbi', 'Male', 'masssjanja345@gmail.com', '0673456798', '', 'not-approved'),
(65, 'Hamisa', 'Yahya', 'K/Samaki', 'Female', 'hamisa1005@gmail.com', '+255774567890', '', 'not-approved'),
(66, 'Asha', 'Mbarouk', 'Stone-Town', 'Female', 'ashambarouk@icloud.com', '+255774567890', '', 'approved'),
(67, 'Moza', 'Kepron', 'K/Samaki', 'Female', 'modikeprondaud@gmial.com', '+0345678909', 'JUST SHOW MME THE CODE ???  DONT DO ANYTHING PLEASE', 'approved');

-- --------------------------------------------------------

--
-- Table structure for table `users_api_alumni`
--

CREATE TABLE `users_api_alumni` (
  `user_id` int(11) NOT NULL,
  `contact` varchar(45) DEFAULT NULL,
  `gender` varchar(2) DEFAULT NULL,
  `address` varchar(45) DEFAULT NULL,
  `email` varchar(45) DEFAULT NULL
) ENGINE=InnoDB DEFAULT CHARSET=latin1;

--
-- Dumping data for table `users_api_alumni`
--

INSERT INTO `users_api_alumni` (`user_id`, `contact`, `gender`, `address`, `email`) VALUES
(0, '1-214-685-3752x728', 'oc', 'Craig Cliff', 'kub.freeda@example.com'),
(1, '766.312.1625x2387', 'in', 'Predovic Forges', 'weimann.benjamin@example.org'),
(2, '+78(5)1198462463', 'ea', 'Stehr Terrace', 'brennon.kreiger@example.com'),
(3, '241-608-0264x555', 'et', 'Bergnaum Islands', 'amelia.moen@example.com'),
(4, '161.044.3859x4823', 'do', 'Liliana Knoll', 'lue57@example.com'),
(5, '1-276-267-0395', 'no', 'Braun Ridges', 'marcella63@example.com'),
(6, '477.065.3723x6743', 'et', 'King Mount', 'ndubuque@example.com'),
(7, '331-997-5394x61649', 'pe', 'Cruickshank Crest', 'shields.tamara@example.com'),
(8, '844.080.6135x54197', 'op', 'Ismael Shores', 'sam50@example.com'),
(9, '(001)597-4224x739', 'bl', 'Retta Hill', 'davion24@example.com'),
(10, '398.472.4613x1514', 'fa', 'Rosalee Burg', 'eleanora.hilll@example.org'),
(11, '799-884-1528x5324', 'to', 'Kerluke Mount', 'rau.jazmyne@example.org'),
(13, '00911275822', 'au', 'Wiza Mountain', 'kobe.greenfelder@example.net'),
(14, '00763467185', 'cu', 'Layne Passage', 'vito51@example.org'),
(15, '+64(8)8815551456', 'en', 'Jerde Vista', 'catalina.connelly@example.org'),
(16, '172.413.2455', 'mo', 'Mitchell Plains', 'bergnaum.modesto@example.com'),
(17, '408.630.6610x825', 'al', 'Roselyn Walk', 'davis.rubie@example.com'),
(18, '144-024-7462x67348', 'as', 'Dickinson Prairie', 'ilind@example.org'),
(19, '(025)382-7178', 'co', 'Ebert Mountain', 'ekemmer@example.com'),
(21, '(598)175-5247', 'od', 'Bailey Cove', 'adolph30@example.net'),
(22, '1-226-238-4346', 'qu', 'Johnnie Lodge', 'quinn.flatley@example.org'),
(23, '847.136.1994x2595', 'an', 'Krystel Parkway', 'makayla.russel@example.net'),
(24, '077.004.9174', 'ex', 'Lloyd Hills', 'cedrick26@example.com'),
(25, '366-876-0266', 'qu', 'Heaney Station', 'white.billie@example.com'),
(26, '446-413-3616x657', 'do', 'Konopelski Expressway', 'ferry.saul@example.net'),
(27, '(557)850-3949x77361', 'po', 'Clint Camp', 'zemlak.lottie@example.com'),
(28, '1-662-599-3014', 'al', 'Klocko Trace', 'ucassin@example.org'),
(29, '1-976-943-2937', 'do', 'Mohr Rapid', 'gnicolas@example.net'),
(30, '1-811-424-7983x043', 'ut', 'Dylan Overpass', 'shauck@example.org'),
(33, '668-610-9821x94252', 'au', 'Jeffery Canyon', 'wilford.kovacek@example.net'),
(34, '05278235038', 'im', 'Wintheiser Fork', 'finn28@example.net'),
(35, '04182498379', 're', 'Schoen Trail', 'angelo.schmidt@example.com'),
(37, '1-158-148-8724', 're', 'Tremblay Mountains', 'doyle29@example.org'),
(38, '143-917-5833x934', 'it', 'Swift Isle', 'enrico.connelly@example.com'),
(40, '1-326-289-8604', 'ma', 'Bergstrom Trail', 'heidenreich.stephania@example.com'),
(41, '(302)970-1618x58966', 'ma', 'Lonie Manor', 'lacey30@example.org'),
(42, '09522955109', 'bl', 'Franecki Flats', 'shaag@example.net'),
(43, '1-331-211-3845', 'po', 'Manley Mountain', 'ladarius.upton@example.org'),
(45, '900-582-7742', 'ex', 'Maritza Court', 'gswift@example.com'),
(46, '539.788.0521x174', 'ex', 'Nicholaus Square', 'allan32@example.net'),
(47, '266-025-3166x6967', 'ne', 'Janet Estate', 'peyton59@example.com'),
(48, '732-429-2441', 'mo', 'Schoen Spur', 'ryder.hamill@example.net'),
(49, '546.966.6604x4748', 'pa', 'Mariah Mills', 'dwight06@example.org'),
(50, '1-065-054-4431x94132', 're', 'Ledner Lakes', 'enrique03@example.net'),
(51, '+77(2)7157378258', 'ut', 'Runte View', 'urban60@example.com'),
(53, '1-503-832-2695x3754', 'do', 'Chaim Vista', 'ernestina.kulas@example.org'),
(54, '(473)938-5622', 'en', 'Kiehn Ridges', 'bogisich.dale@example.com'),
(56, '331.517.4066', 'am', 'Kurt Fork', 'damion.roberts@example.net'),
(58, '(274)020-1291', 'po', 'Schoen Vista', 'hammes.chris@example.net'),
(59, '(295)387-9538x66004', 'un', 'Jeanne Manor', 'kaley71@example.net'),
(60, '936-641-3418', 'sa', 'Hauck Centers', 'mclaughlin.eugene@example.org'),
(61, '771.853.3816', 'et', 'Hirthe Summit', 'mohr.regan@example.net'),
(62, '504.099.7021', 'il', 'Toy Row', 'pat09@example.net'),
(63, '410.904.0796x75115', 'vo', 'Wehner Summit', 'jtorphy@example.org'),
(64, '805-704-0157x59447', 'om', 'Katherine Grove', 'ugoodwin@example.com'),
(65, '841-902-5216', 'qu', 'Jacobs Ville', 'schoen.aliya@example.org'),
(66, '(277)161-1936x573', 'ip', 'Gaston Mountains', 'euna.fritsch@example.net'),
(68, '974-519-3919x89896', 'pr', 'Littel Junction', 'bahringer.dejon@example.com'),
(69, '189-271-2568', 'as', 'Zboncak Fields', 'maudie.wolff@example.net'),
(70, '242.622.4646', 'in', 'Blanche Spur', 'donald.gulgowski@example.net'),
(71, '(824)618-8099', 'qu', 'Collier Route', 'denis.harris@example.org'),
(72, '(680)639-8643', 'et', 'Bednar Glen', 'ahilll@example.com'),
(73, '(716)854-6527x5601', 'no', 'Murphy Rapids', 'kyra.upton@example.com'),
(74, '937-053-6008', 'op', 'Bella Brooks', 'efahey@example.com'),
(75, '656-497-2987', 'qu', 'Gislason Land', 'josefa.schoen@example.net'),
(76, '1-329-852-0128', 're', 'Savanah Pass', 'rosenbaum.erik@example.net'),
(77, '09993295424', 'ev', 'Dimitri Well', 'xnitzsche@example.com'),
(78, '517-614-3258x6587', 've', 'Nicholaus Knoll', 'toney70@example.com'),
(79, '04467455680', 'su', 'Deontae Hills', 'patrick.howe@example.net'),
(81, '(234)387-6780', 'ma', 'Queenie Haven', 'jake42@example.com'),
(82, '(413)121-4396x459', 'as', 'Gardner Fork', 'kianna19@example.net'),
(83, '420.668.9338', 'en', 'Chaz Court', 'xdaugherty@example.com'),
(84, '979.335.2496', 'so', 'Fay Manors', 'iwintheiser@example.com'),
(87, '02021458657', 'qu', 'Berry Bypass', 'jacobi.magdalen@example.org'),
(88, '994-419-8003x361', 've', 'Deonte Lake', 'mcclure.nikita@example.com'),
(89, '882.718.4014', 'te', 'Zieme Garden', 'mollie.boehm@example.org'),
(90, '976-541-1057', 'id', 'Robel Park', 'kutch.marjorie@example.com'),
(91, '945.028.9349x357', 'fa', 'Howell Divide', 'mmills@example.com'),
(92, '1-724-985-6558', 'er', 'Konopelski Expressway', 'kvandervort@example.net'),
(95, '(067)239-5892x7875', 'ea', 'Muller Roads', 'christy41@example.com'),
(96, '578-862-5433x34701', 'be', 'Rupert Turnpike', 'lionel47@example.org'),
(97, '1-281-543-0540x72206', 'pr', 'Baron Island', 'tyrel38@example.com'),
(98, '(610)127-8593x6073', 'il', 'Aletha Well', 'cale02@example.org'),
(101, '250-445-0006x446', 'cu', 'Reichel Radial', 'wiza.victor@example.org'),
(103, '528-952-3438x081', 'do', 'Marty Drives', 'gunnar.reichert@example.com'),
(109, '891-887-9071x94012', 'di', 'Geovany Way', 'xrice@example.net'),
(111, '700-513-1726x83865', 'do', 'Ferry Glen', 'lambert.effertz@example.net'),
(114, '520-346-4030x8772', 'ut', 'Dora Vista', 'stiedemann.tom@example.org'),
(116, '765-852-0504', 'na', 'Lavonne Centers', 'kgorczany@example.com'),
(126, '1-134-079-4138x243', 'et', 'Ondricka Green', 'beverly11@example.org'),
(127, '787.189.4227', 'ea', 'Tillman Mount', 'nils.crona@example.org'),
(134, '(612)164-9257', 'se', 'Nolan Village', 'chance32@example.net'),
(136, '274-522-3655', 'do', 'Esperanza Forge', 'cmarks@example.net'),
(139, '759.829.1307x9129', 'am', 'Leffler Village', 'kareem.tremblay@example.org'),
(149, '(421)755-0831x370', 'ut', 'Kyla Viaduct', 'daniel.cristopher@example.com'),
(150, '578-384-0803x489', 'om', 'Manuel Bypass', 'wilderman.deondre@example.org'),
(190, '(146)819-1324', 'do', 'Stehr Squares', 'allan99@example.net'),
(195, '282.705.8122', 'vo', 'Fisher Knolls', 'wolff.effie@example.net'),
(201, '1-479-083-2927', 'mo', 'Corwin Stravenue', 'ekuphal@example.net'),
(210, '1-270-277-6217', 'la', 'Keebler Lakes', 'camila69@example.com'),
(213, '(587)909-7677x476', 'qu', 'Jason Mall', 'hartmann.arnaldo@example.net'),
(214, '406.957.7620', 'do', 'Cummings Ports', 'layla.johnston@example.org'),
(216, '(619)770-9034', 'mo', 'Alivia Street', 'kenya.kunde@example.org'),
(217, '(090)041-4321x22736', 'pl', 'Brakus Tunnel', 'ospinka@example.com'),
(219, '737-780-3304x168', 'et', 'Skiles Mountain', 'neal.yost@example.org'),
(224, '909.015.7398x304', 'au', 'Hermann Streets', 'wmcdermott@example.net'),
(227, '+91(5)1295554412', 'at', 'Johann Avenue', 'vicente30@example.net'),
(229, '1-914-306-7623x0131', 'si', 'Westley Drive', 'raegan03@example.net'),
(231, '257-472-0593x59469', 're', 'Deckow Ridge', 'vreinger@example.net'),
(236, '374.635.3699x1534', 'et', 'Leuschke Extension', 'grobel@example.net'),
(240, '(069)662-5504x5181', 'di', 'Heathcote Flats', 'johnathan.mills@example.org'),
(241, '857-641-2828', 'hi', 'Botsford Keys', 'fgutkowski@example.com'),
(246, '04674163271', 'co', 'Cristina Curve', 'kjacobi@example.net'),
(255, '244.468.5359x609', 'vo', 'Lea Crossing', 'zola.kuvalis@example.com'),
(266, '1-975-281-7126x904', 'et', 'Barton Park', 'marcelino25@example.com'),
(270, '266.092.9877', 'pr', 'Erna Brook', 'stoltenberg.asa@example.org'),
(278, '1-498-929-6531x922', 'la', 'Crona Squares', 'leora.emmerich@example.net'),
(287, '(976)874-2840', 'de', 'Feeney Plaza', 'akeem96@example.org'),
(289, '(060)959-9867x83470', 'ut', 'Jovani Rapid', 'treilly@example.net'),
(293, '1-324-735-5769x48771', 'de', 'Runolfsdottir Locks', 'dario39@example.com'),
(304, '1-981-160-1583x702', 'od', 'Tyshawn Fords', 'cameron85@example.net'),
(316, '(254)007-9849x3039', 'it', 'Yazmin Canyon', 'berniece.heathcote@example.org'),
(331, '(464)783-6481', 'ut', 'Rutherford Trail', 'christina43@example.net'),
(334, '1-125-107-0151', 'om', 'Bogan Square', 'estella75@example.org'),
(335, '147.736.7474x649', 'es', 'Johathan Prairie', 'konopelski.rosario@example.org'),
(341, '509.087.3796', 'su', 'Jeffry Station', 'egulgowski@example.net'),
(345, '720-928-6492', 'hi', 'Arnaldo Inlet', 'mortimer21@example.org'),
(349, '912-882-6595x9776', 're', 'Bartell Street', 'maybelle17@example.org'),
(354, '504-166-0241', 'au', 'Kara Viaduct', 'rempel.lelah@example.net'),
(359, '856.134.1217', 'la', 'Wiza Summit', 'darlene.considine@example.net'),
(360, '100.379.1606x4054', 'hi', 'Domenico Spring', 'dhessel@example.net'),
(363, '(432)881-2897x2797', 'es', 'Weber View', 'dare.avery@example.net'),
(387, '250.098.7858', 'ad', 'Wolf Springs', 'donna15@example.com'),
(392, '125.792.4432x220', 'ei', 'Wuckert Tunnel', 'scarlett80@example.com'),
(397, '+30(9)2019212641', 'qu', 'Oberbrunner Prairie', 'adriel.rodriguez@example.org'),
(399, '1-928-125-8038', 'no', 'Cathy Passage', 'ronaldo57@example.org'),
(414, '701-513-0786', 'se', 'Joseph Tunnel', 'bednar.liza@example.net'),
(421, '963.343.9585x755', 'co', 'Tierra Glen', 'dan.williamson@example.com'),
(423, '1-264-310-4113x14946', 'ut', 'Gislason Shoals', 'beer.selina@example.net'),
(424, '398.429.5096x60881', 've', 'Jacobson Port', 'tavares.bechtelar@example.net'),
(425, '496-325-3642x6469', 'ar', 'Leonor Isle', 'cheyanne.greenfelder@example.com'),
(430, '577.089.4882', 'fu', 'Bailey Divide', 'hulda05@example.net'),
(438, '+64(3)5997048617', 'na', 'Enos Forge', 'kasandra.wolff@example.com'),
(456, '(175)160-3339x2796', 'ip', 'Dicki Estates', 'jhuel@example.org'),
(460, '127-685-7781', 'au', 'Jerde Rest', 'russel.amina@example.com'),
(462, '1-890-591-3404x0728', 'ip', 'Douglas Fall', 'ashley13@example.org'),
(478, '(321)905-8912', 'ut', 'Schoen Lodge', 'abdul.beier@example.org'),
(483, '04458185212', 'ad', 'Wuckert Parks', 'aubrey34@example.org'),
(486, '+81(8)4862179712', 'qu', 'O\'Hara Wells', 'qhills@example.net'),
(487, '02779247879', 'ut', 'Micaela Pines', 'hhagenes@example.net'),
(514, '(835)650-4885x06165', 'so', 'Dietrich Village', 'ankunding.jayson@example.net'),
(523, '720-590-3358', 'no', 'Astrid Plain', 'destin63@example.net'),
(536, '+48(5)2214329831', 'li', 'Walter Fort', 'ggerlach@example.net'),
(546, '(399)275-7553', 'la', 'Altenwerth Walks', 'giuseppe84@example.net'),
(548, '731-246-8806', 'co', 'Kacey Spring', 'branson.prosacco@example.net'),
(549, '(713)237-7119x3743', 'vo', 'Gerhold Cliffs', 'kkohler@example.org'),
(551, '1-396-142-4038', 'co', 'Brandt Mall', 'kturner@example.org'),
(560, '616.717.8875x826', 'vo', 'Gerlach Orchard', 'bdickinson@example.com'),
(563, '1-334-897-7933x27868', 'ac', 'Kraig Plaza', 'bernie83@example.org'),
(573, '952-137-8530', 'in', 'Marisol Tunnel', 'gleason.brandi@example.com'),
(574, '09786077799', 'es', 'Mitchell Turnpike', 'santina99@example.net'),
(599, '754.455.8094', 'er', 'Boyer Knolls', 'george.parisian@example.net'),
(601, '775.476.9129x85994', 'qu', 'Rebecca Wall', 'fstehr@example.net'),
(634, '1-491-189-5623x74840', 'ra', 'Titus Junction', 'hessel.george@example.net'),
(648, '085-758-2382', 'ac', 'Santiago Pines', 'klehner@example.org'),
(655, '+20(7)0575800548', 'su', 'Hilma Burg', 'dedric.bogan@example.com'),
(678, '1-611-152-1360x932', 've', 'Burley Tunnel', 'cstanton@example.net'),
(702, '548-237-5930x210', 'ac', 'Rice Knoll', 'fjaskolski@example.com'),
(704, '798-205-8305x73588', 'ni', 'Hilll Port', 'sgreenholt@example.net'),
(706, '1-306-597-8932', 'ip', 'Sawayn Parkways', 'slakin@example.com'),
(711, '1-034-623-0854x645', 'li', 'Elisha Cape', 'huel.sibyl@example.org'),
(716, '07929642333', 'cu', 'Gerlach Rapids', 'grace.bechtelar@example.org'),
(729, '(741)762-2714', 're', 'Kautzer Isle', 'mohr.eudora@example.org'),
(748, '203.221.3610x5658', 'do', 'Thurman Courts', 'naomie.schamberger@example.net'),
(757, '+76(6)2545242705', 'mi', 'Hilma Wells', 'lbosco@example.com'),
(771, '377.329.3806x9005', 'it', 'Wilkinson Trail', 'jkuphal@example.net'),
(779, '1-671-480-7247', 'ne', 'Feil Locks', 'yschowalter@example.com'),
(799, '+36(4)6662324796', 'mo', 'White Mews', 'lrau@example.com'),
(805, '598.807.3251', 'vo', 'Wilderman Spring', 'wade.paucek@example.net'),
(807, '(879)140-2018x64750', 'qu', 'Wyman Harbor', 'mohammed39@example.org'),
(808, '(082)988-3826', 'co', 'Mosciski Motorway', 'lehner.brennan@example.net'),
(810, '760.060.5051x957', 're', 'Brett Forge', 'vboyer@example.org'),
(811, '1-806-261-6504', 'ad', 'Schmitt Parkway', 'paris.spinka@example.com'),
(812, '(921)221-2364', 'op', 'Haley Roads', 'estevan73@example.org'),
(813, '798-256-2855x858', 'et', 'Rogahn Heights', 'ernser.amir@example.com'),
(814, '836-602-8885x0664', 'il', 'Grimes Walk', 'eprosacco@example.com'),
(828, '(749)277-7523x9476', 'qu', 'Dane Rapid', 'brath@example.net'),
(834, '1-581-479-2915x948', 'vo', 'Freeda Spring', 'noah19@example.net'),
(836, '690-941-2952x1636', 'un', 'O\'Connell Lights', 'berge.rolando@example.com'),
(838, '1-374-122-6828x261', 'qu', 'Pansy Island', 'ralph.gottlieb@example.com'),
(860, '+52(7)6365088175', 'vo', 'Suzanne Land', 'schuppe.lucius@example.org'),
(885, '03782321214', 'vo', 'Paula Lakes', 'lavonne.kutch@example.org'),
(889, '(939)767-8871x4972', 'ma', 'Guido Mews', 'dell.durgan@example.org'),
(896, '+09(0)0731814295', 'ne', 'Ebert Springs', 'hintz.bernard@example.com'),
(919, '03683412742', 'as', 'Cyrus Mall', 'dillon01@example.org'),
(925, '02166388747', 'co', 'Turner Via', 'kiana.mertz@example.net'),
(928, '1-426-007-3378x63412', 're', 'Lubowitz Locks', 'mills.felipe@example.com'),
(940, '525.071.6305x54383', 'fu', 'Giovanna Rapids', 'zratke@example.org'),
(970, '04692650346', 'ni', 'Kemmer Dale', 'lawrence25@example.org'),
(986, '328-798-9727', 'es', 'Maurine Ports', 'bosco.everett@example.net'),
(987, '1-689-794-4612', 'di', 'Esta Hollow', 'denesik.anais@example.org'),
(999, '523.170.2728', 'mo', 'Willms Center', 'aspencer@example.org'),
(1032, '715-170-6446x744', 'pa', 'Corrine Ranch', 'cleo44@example.org'),
(1184, '1-115-039-6023x996', 'to', 'Aniyah Center', 'rhane@example.com'),
(1219, '(526)420-0957x0949', 're', 'Melyna Circles', 'bgutkowski@example.com'),
(1240, '277-246-3060x67388', 'vo', 'Talon Valleys', 'burdette.kreiger@example.net'),
(1387, '(453)067-3167x713', 'om', 'Blanda Springs', 'gthiel@example.net'),
(1454, '04092623149', 'id', 'Edwina Mission', 'ewalsh@example.com'),
(1504, '551.583.7555', 've', 'Eino Crest', 'cronin.albina@example.org'),
(1512, '1-926-553-1957', 're', 'Tatum Land', 'anibal96@example.net'),
(1609, '567.419.8224x65317', 'mo', 'Boehm Ways', 'vquitzon@example.net'),
(1692, '1-598-538-5029x4343', 'ma', 'Volkman Mountain', 'reta37@example.com'),
(1716, '1-403-030-8098', 'pr', 'Reilly Loop', 'phessel@example.net'),
(1818, '(083)550-4570x830', 'no', 'Mayert Bypass', 'rempel.frances@example.net'),
(1894, '336-856-2935x2650', 'ut', 'Brakus Glens', 'lmonahan@example.org'),
(1914, '311-580-9740x80731', 'im', 'Brandi Lights', 'edmund.hane@example.net'),
(1948, '384.797.0325', 'po', 'Dean Drive', 'jammie.roob@example.net'),
(1996, '1-189-201-2426x664', 'si', 'Zachariah Mountain', 'kling.moses@example.org'),
(2085, '847.015.9649', 'ex', 'Laney Crest', 'kathleen60@example.net'),
(2102, '1-988-190-1847', 're', 'Xavier Courts', 'mitchell.metz@example.org'),
(2191, '(549)449-6529', 'ni', 'Brandy Roads', 'xbarrows@example.org'),
(2218, '+98(5)4370743056', 'si', 'Rohan Route', 'kbailey@example.net'),
(2327, '090.229.0227x014', 'di', 'Myrna Inlet', 'dfay@example.net'),
(2379, '(599)983-5046x79593', 'as', 'Hermiston Turnpike', 'tlittel@example.org'),
(2523, '1-061-728-4963x091', 'pe', 'Okuneva Key', 'gturner@example.org'),
(2552, '(882)783-0689x11174', 'la', 'Beryl Stream', 'rschmeler@example.com'),
(2557, '(539)706-0966x15729', 'do', 'Collier Court', 'cristian.fisher@example.org'),
(2593, '(776)130-9797', 'vo', 'Guiseppe Greens', 'avery69@example.org'),
(2690, '(334)604-8556', 'un', 'Haylee Crossroad', 'jovanny90@example.com'),
(2712, '416.915.1106x828', 'qu', 'Bosco Keys', 'ulises69@example.com'),
(2812, '976-475-0918', 'do', 'Ross Mills', 'iskiles@example.com'),
(2875, '05180037230', 'at', 'Nicolas Stream', 'acasper@example.net'),
(2981, '(928)201-1260', 'ip', 'Purdy Brook', 'danika.williamson@example.com'),
(3156, '02556610833', 'in', 'Ratke Dam', 'vada.murazik@example.com'),
(3371, '109.617.5565x5396', 'ha', 'Nienow Drive', 'hschmitt@example.com'),
(3429, '(260)619-7687x313', 'es', 'Jacquelyn Ridges', 'ekuhlman@example.com'),
(3490, '945-363-3396', 'si', 'Carroll Spurs', 'tillman.kareem@example.org'),
(3591, '805-772-1563x17780', 'co', 'Oberbrunner Well', 'janiya26@example.com'),
(3596, '228-262-3648x93508', 'do', 'Turcotte Lake', 'abraham.wolff@example.org'),
(3716, '577.165.0452', 'el', 'Gorczany Via', 'kiel97@example.net'),
(3727, '(516)025-6413x125', 'mo', 'Sven Lock', 'gjakubowski@example.net'),
(3741, '478.686.5239', 'as', 'Reilly Cape', 'ophelia.kilback@example.org'),
(3799, '872-556-2010x45750', 'ne', 'Beth Street', 'pauline87@example.org'),
(3852, '440-648-2108x887', 'en', 'Ahmad Valley', 'kemmer.joelle@example.org'),
(3855, '663-878-7992x56431', 'ne', 'Uriel Forges', 'ppurdy@example.com'),
(3884, '(119)439-9582x8098', 'ip', 'Greenholt Pass', 'jamey.langosh@example.com'),
(4017, '+23(5)3937092243', 'ex', 'Langosh Parkways', 'schroeder.hertha@example.com'),
(4107, '038-598-4613', 'cu', 'Kailyn Locks', 'adriana.keeling@example.net'),
(4200, '109.541.3383x802', 'qu', 'Lang Summit', 'mollie.ritchie@example.com'),
(4233, '1-741-467-1358x573', 'mi', 'Bartoletti Rest', 'daniela.little@example.org'),
(4256, '139.598.2552', 'mo', 'Prohaska Greens', 'nicolas.ervin@example.net'),
(4286, '(626)791-9761x168', 'es', 'Considine Spur', 'karina.swift@example.net'),
(4295, '+65(6)3246525265', 've', 'Weimann Walk', 'batz.velma@example.org'),
(4367, '(873)632-7509', 'pe', 'Braulio Plains', 'ecummings@example.net'),
(4530, '+73(8)4881522890', 'il', 'Stamm Crossing', 'iwalsh@example.com'),
(4702, '143-080-0548x18165', 'co', 'Roslyn Parkways', 'leone.hammes@example.org'),
(4827, '618.243.5510', 'im', 'Jedediah Freeway', 'hpredovic@example.net'),
(4914, '+81(0)7950612310', 'au', 'Orie Station', 'turner69@example.org'),
(4938, '581-606-1130', 'a', 'Layla Glens', 'garth.lakin@example.com'),
(5138, '+35(6)2734305390', 'sa', 'Mohr Street', 'santino.kertzmann@example.com'),
(5178, '(658)180-9121', 'fa', 'Greyson Trafficway', 'destiney37@example.net'),
(5382, '903.422.8091', 'il', 'Bernhard Center', 'alexis.kihn@example.net'),
(5422, '(442)684-7711', 'ea', 'Rogahn Port', 'lincoln.miller@example.org'),
(5488, '(712)073-0845x06155', 'et', 'Barton Neck', 'rey40@example.net'),
(5516, '501.799.0771', 're', 'Sallie Wells', 'kristin.bartoletti@example.org'),
(5563, '1-694-907-1189x46041', 'vo', 'Davonte Park', 'omari73@example.org'),
(5677, '06061310642', 're', 'Bartell River', 'marion.schoen@example.com'),
(5931, '480.329.0094x676', 'fu', 'Lynch Mountain', 'yzulauf@example.org'),
(6035, '1-895-383-8518', 'qu', 'Elody Village', 'heaney.santiago@example.com'),
(6115, '607.584.2933', 'ar', 'Schinner Drive', 'jernser@example.org'),
(6151, '646-490-3133', 'ev', 'Sienna Fords', 'vjohns@example.com'),
(6185, '(301)259-9674x062', 'vo', 'D\'angelo Bridge', 'nathaniel84@example.com'),
(6362, '+16(0)0763199333', 'la', 'Johanna Villages', 'okulas@example.com'),
(6390, '576.726.5756x0540', 'mo', 'Kiehn Crossroad', 'audie.kerluke@example.net'),
(6432, '613.210.3511x11334', 're', 'Toy Mountain', 'grayce93@example.org'),
(6514, '827-156-4384x8485', 'et', 'Hettinger Locks', 'quigley.mina@example.com'),
(6561, '308.947.5679', 'et', 'Goldner Centers', 'kling.arthur@example.net'),
(6752, '071.502.6386', 'mo', 'Zieme Lake', 'greenholt.marisa@example.com'),
(6820, '(081)068-8524', 'co', 'Brooks Parkway', 'anastasia.nicolas@example.org'),
(6823, '03601944708', 've', 'Coby Ramp', 'savion70@example.net'),
(6873, '015.931.6154x2840', 'ac', 'Rogahn Extensions', 'hope.little@example.com'),
(6913, '019-922-7591x53037', 'la', 'Yundt Turnpike', 'madelyn.kihn@example.com'),
(7000, '036-467-5159', 'of', 'Larissa Shoals', 'neoma.hickle@example.com'),
(7028, '1-410-922-2645x9961', 're', 'Ursula Drive', 'jerel24@example.com'),
(7081, '(390)139-5766', 'cu', 'O\'Reilly Cliff', 'feil.manley@example.net'),
(7155, '534.279.2027x20438', 'ad', 'Kessler Mall', 'stark.scotty@example.org'),
(7162, '853-662-2255', 'et', 'Kyra Forest', 'nkutch@example.net'),
(7361, '492-941-5446x87180', 'co', 'Hagenes Landing', 'courtney62@example.com'),
(7438, '567.453.3618x53678', 'ip', 'Farrell Inlet', 'bernie.schmitt@example.net'),
(7442, '08002350427', 'ex', 'Melany Prairie', 'dschumm@example.org'),
(7500, '1-597-008-4994x96202', 'ip', 'Sigrid Flat', 'laverne.gorczany@example.net'),
(7513, '00433057091', 'la', 'Jeffrey Springs', 'hstiedemann@example.org'),
(7547, '749-710-7598x8105', 'po', 'Nathanial Trail', 'obahringer@example.org'),
(7584, '566-786-3492x28224', 'fu', 'Bart Hollow', 'collier.romaine@example.net'),
(7618, '081.871.2493x069', 'do', 'Golda Lodge', 'carroll.eliza@example.net'),
(7631, '015.757.3497x3888', 'in', 'Emard Vista', 'jordane34@example.net'),
(7662, '04796724235', 'et', 'Weissnat Neck', 'reagan25@example.net'),
(7785, '734.631.6764', 'ma', 'Erik Freeway', 'van.schimmel@example.net'),
(7831, '+14(5)3006075677', 'qu', 'Diamond Tunnel', 'wuckert.freda@example.net'),
(7882, '416.234.9524x77708', 'do', 'Adell Neck', 'kturner@example.com'),
(7969, '04205300134', 'do', 'Aurelio Landing', 'randall.mcglynn@example.org'),
(8173, '+20(9)6729916449', 'en', 'Hattie Bridge', 'pacocha.golda@example.com'),
(8365, '(457)455-6560x49761', 'do', 'Meda Estate', 'beryl43@example.org'),
(8554, '352.649.0286x24831', 'iu', 'Rowe Flats', 'botsford.amani@example.com'),
(8584, '(629)806-1277x6850', 'ne', 'Judy Track', 'israel.will@example.net'),
(8663, '(265)403-2424x284', 'li', 'Raven Shore', 'durgan.shana@example.org'),
(8701, '081.720.4238x60739', 'no', 'Hyatt Spur', 'audra88@example.org'),
(8704, '+44(1)4732326449', 'ne', 'Christiansen Route', 'bernadette.romaguera@example.com'),
(8705, '011-880-4535', 'et', 'Stiedemann Hollow', 'kenyatta09@example.com'),
(8721, '272.118.6277x45312', 'ex', 'Gregory Course', 'kaley93@example.net'),
(8726, '1-267-773-2024', 'qu', 'Cletus Mountain', 'little.dimitri@example.net'),
(8736, '(568)058-0824x757', 'qu', 'Crona Pine', 'schulist.dayne@example.com'),
(8834, '(291)991-6662', 'se', 'Scottie Grove', 'chowell@example.org'),
(8894, '+33(0)7236852337', 'qu', 'Michelle Centers', 'qlueilwitz@example.net'),
(8920, '1-540-699-5613', 'no', 'Gudrun Mews', 'larry91@example.net'),
(8921, '(523)145-3839x94940', 'bl', 'Connor Plains', 'ines56@example.net'),
(8987, '890.415.5829', 'au', 'Katrine Heights', 'lea.wintheiser@example.com'),
(9115, '(813)381-6028x53516', 'po', 'Ashtyn Drive', 'pacocha.josefa@example.org'),
(9127, '1-724-034-2006x4119', 'di', 'Fritsch Viaduct', 'baron90@example.net'),
(9145, '1-130-424-0168', 'au', 'Adams Cliffs', 'schaefer.sheila@example.org'),
(9174, '648-874-3908x365', 'pl', 'Corkery Light', 'wunsch.ashlee@example.org'),
(9178, '538-500-2958', 'ni', 'Spinka Extension', 'wtreutel@example.com'),
(9204, '06190332388', 'qu', 'Guiseppe Spring', 'madisyn.zieme@example.org'),
(9234, '+49(1)3201355401', 'qu', 'Bethany Flats', 'loren.streich@example.net'),
(9272, '1-647-963-2189', 'ea', 'Stamm Harbors', 'stark.darren@example.com'),
(9380, '051.602.6508x7883', 'fu', 'Hamill Burgs', 'sidney.gorczany@example.com'),
(9388, '520.898.1182x22565', 'qu', 'Emely Burg', 'zachariah71@example.org'),
(9421, '+41(6)0447980716', 'na', 'Jacobs Square', 'qdooley@example.org'),
(9458, '1-461-162-3719x112', 'al', 'Tremblay Creek', 'lmoore@example.net'),
(9573, '1-169-871-9136', 'nu', 'Wilderman Harbor', 'shaniya51@example.net'),
(9803, '126.343.7765x0362', 'ei', 'Luna Ways', 'rmckenzie@example.net'),
(9893, '876-449-8161x322', 'cu', 'Fadel Run', 'oorn@example.net'),
(10102, '(095)202-5377x62854', 'so', 'Ava Cliffs', 'angela00@example.net'),
(10417, '1-094-387-3970', 'se', 'Beer Wells', 'tromp.leanna@example.com'),
(10485, '892.715.1902x8766', 'qu', 'Ike Motorway', 'jorge45@example.com'),
(12531, '1-076-160-2554x6473', 'mo', 'Lesch Brooks', 'kilback.pierce@example.com'),
(12645, '645-941-9844', 'en', 'Jazlyn Cove', 'eric21@example.org'),
(12649, '(861)286-7498x87791', 'et', 'Pagac Street', 'albert.witting@example.net'),
(13379, '330.608.4590x603', 'al', 'Camila Stravenue', 'kunde.belle@example.org'),
(13603, '(636)327-6583', 'do', 'Kassulke Squares', 'faye.haag@example.com'),
(15352, '407-055-0120x9957', 'sa', 'Schmitt Tunnel', 'xturcotte@example.net'),
(15663, '03844886930', 'ut', 'Blanda Trafficway', 'kristy.senger@example.net'),
(15808, '1-634-116-1450', 'mo', 'Bud Points', 'schmeler.dora@example.org'),
(17399, '1-657-678-9532', 'in', 'Dibbert Glen', 'joelle.schoen@example.org'),
(17583, '+26(5)5009912691', 'do', 'Gibson Causeway', 'kiana64@example.com'),
(18690, '024-951-3700', 'eo', 'Cormier Ferry', 'sanford01@example.net'),
(19057, '(007)117-5554', 'li', 'Garrett Mountains', 'emmanuel.bergnaum@example.com'),
(19957, '983-170-9428', 'ma', 'Sierra Curve', 'bahringer.adrienne@example.org'),
(20396, '881.167.6922', 'ea', 'Pfeffer Shores', 'zchamplin@example.net'),
(20680, '+82(8)5793435351', 'et', 'Emmanuel Path', 'ralph88@example.net'),
(22346, '666.518.6594', 'pe', 'Margot Pine', 'qbauch@example.net'),
(23255, '342-460-8229', 'ma', 'Botsford Harbors', 'yundt.elisa@example.com'),
(23303, '1-760-268-6233', 'as', 'Josephine Summit', 'mohr.nathaniel@example.net'),
(23986, '05815973758', 'in', 'Jerde Estate', 'otis59@example.net'),
(24175, '+03(6)4716433216', 'si', 'Misty Field', 'xlind@example.com'),
(24211, '273-543-3280', 'mo', 'Randal Expressway', 'dreinger@example.net'),
(25130, '506-224-7802', 'et', 'Ettie Route', 'linnea.reilly@example.org'),
(25966, '992-548-0200x6898', 'de', 'Leonel Spur', 'mason94@example.com'),
(27353, '1-140-680-6638x390', 'el', 'Della Plain', 'rkuhic@example.org'),
(29078, '(427)192-7497x58281', 'la', 'Roob Squares', 'selmer14@example.net'),
(29484, '1-920-291-6050x71220', 'qu', 'O\'Keefe Row', 'conrad.funk@example.org'),
(29490, '845.346.1608x7128', 'qu', 'Benedict Wells', 'marcel.dickinson@example.com'),
(29513, '173-345-5440x23760', 'vo', 'Rosenbaum Ford', 'henriette.schumm@example.net'),
(30604, '(094)020-4326x004', 'qu', 'Sauer Locks', 'qveum@example.org'),
(31162, '819-531-9456x24231', 'mi', 'Farrell Causeway', 'abdiel17@example.org'),
(31260, '958.094.3462x7733', 'es', 'Schneider Squares', 'elyse95@example.net'),
(31559, '(418)810-5084x69059', 'ni', 'Crawford Garden', 'weimann.jayce@example.com'),
(32379, '1-077-535-1660x55703', 'po', 'Adrianna Divide', 'francis09@example.net'),
(33117, '(729)364-8668x363', 'at', 'Lavinia Green', 'uconn@example.com'),
(34980, '1-684-665-7833', 'do', 'Carter Square', 'mittie69@example.org'),
(35413, '09740571277', 'vo', 'Cartwright Shore', 'hailey.ryan@example.com'),
(35672, '1-192-165-8378x226', 'do', 'Rau Branch', 'raquel.schroeder@example.org'),
(35719, '915-163-4244', 'fu', 'Lela Shoal', 'fatima.schmidt@example.com'),
(37108, '711-880-6953x546', 'qu', 'Reva Viaduct', 'rory.medhurst@example.com'),
(37144, '1-169-896-2991x930', 'no', 'Rosenbaum Stream', 'xjakubowski@example.org'),
(37225, '105-408-7249', 'mi', 'Mandy Shoals', 'hilpert.jadyn@example.org'),
(38646, '775-747-1598x54963', 're', 'Ryann Ferry', 'nnitzsche@example.org'),
(39034, '1-806-787-0330x68961', 'de', 'Webster View', 'kreiger.gisselle@example.net'),
(39727, '(815)374-6921x0949', 'si', 'Kozey Mills', 'zwehner@example.net'),
(40041, '(376)843-9792', 'do', 'O\'Keefe Crossing', 'dwillms@example.org'),
(40438, '1-758-411-0028x71602', 'qu', 'Florian Lodge', 'robel.larissa@example.com'),
(41935, '+18(3)2893737640', 'pl', 'Nader Street', 'osinski.nicolas@example.net'),
(42074, '05152405833', 'fa', 'Loma Falls', 'wilma92@example.com'),
(44424, '08197644792', 'in', 'Barrows Inlet', 'cassin.wilford@example.net'),
(44860, '640-446-6604x0617', 'ex', 'Quigley Drives', 'o\'kon.crystal@example.com'),
(46801, '1-248-718-7770x0142', 'es', 'Schroeder Centers', 'ufeest@example.com'),
(46982, '482.081.9170x16919', 'du', 'Kareem Manors', 'rylee60@example.net'),
(49192, '043-842-7664x11572', 'mo', 'Cassin Bypass', 'demario.powlowski@example.org'),
(49305, '021.349.8786x2990', 'eu', 'Simonis Alley', 'olson.kelsie@example.com'),
(49369, '026.377.9566', 'vo', 'Christiansen Rest', 'stehr.jed@example.org'),
(49929, '495.813.1992', 'qu', 'Lelah Port', 'keeling.jerald@example.net'),
(50557, '1-245-021-2255', 'od', 'Bednar Manor', 'bertha.wilkinson@example.org'),
(50582, '(828)868-6657x39104', 'qu', 'Edward Cliff', 'graham.julio@example.org'),
(50733, '+37(2)0184694118', 're', 'Paucek Square', 'rosenbaum.deshaun@example.com'),
(51044, '1-571-280-1131x29080', 'ex', 'Mayer Neck', 'eli38@example.org'),
(51149, '1-098-286-3083', 'et', 'Margarette Streets', 'leora08@example.net'),
(52829, '815.890.6543x386', 'co', 'Langosh Keys', 'ledner.darrel@example.com'),
(54954, '734.687.4479', 'do', 'Huel Haven', 'presley.veum@example.net'),
(55795, '1-988-531-4710', 'ex', 'Maxie Curve', 'bupton@example.com'),
(55859, '+80(1)1489977575', 'ex', 'Wisozk Alley', 'sarai.hane@example.com'),
(56630, '428-820-7701', 'et', 'Nickolas Shoal', 'adam.o\'reilly@example.org'),
(56710, '(324)411-6206x173', 'cu', 'Donato Mission', 'vwolf@example.org'),
(57574, '(554)525-6569', 'co', 'Justina Wall', 'kenya60@example.org'),
(57678, '115.920.2707x9307', 'ea', 'Era Ridges', 'alicia39@example.net'),
(58023, '265-859-2592x319', 'eu', 'Sienna Pass', 'wendell95@example.net'),
(58300, '1-530-307-2740', 'li', 'Adell Cliffs', 'wilhelmine03@example.net'),
(58618, '1-400-743-1402', 'bl', 'Moore Meadow', 'uriel.pollich@example.com'),
(59057, '199.604.8258', 'pl', 'Weissnat Expressway', 'xlehner@example.net'),
(59152, '+37(2)0670461813', 'et', 'Beier Avenue', 'amber.schiller@example.net'),
(60088, '(539)820-5105x495', 'et', 'Prosacco Underpass', 'cletus05@example.com'),
(60282, '(718)042-3741x769', 'qu', 'Elda Brooks', 'miles27@example.net'),
(60565, '324-517-9053x4447', 'es', 'Blanda Springs', 'tklocko@example.org'),
(61946, '+71(3)5278454344', 'su', 'Hackett Court', 'price.alia@example.com'),
(62633, '(909)482-1619x78100', 'eu', 'Hegmann Forest', 'vilma88@example.net'),
(62782, '794-939-7568', 've', 'Nikolaus Lights', 'brandi.brekke@example.org'),
(63540, '(522)264-4516', 'co', 'Karen Drive', 'jthompson@example.com'),
(63904, '037-262-3465', 'op', 'Maxie Lodge', 'jameson.rosenbaum@example.net'),
(64189, '+43(0)9490196707', 'ul', 'Jimmy Wells', 'damaris92@example.org'),
(64571, '538.375.5616', 'ip', 'Kunde Garden', 'reichel.bernhard@example.com'),
(64884, '691-029-9335x21797', 'au', 'Kuhic Brooks', 'stoltenberg.amani@example.net'),
(66215, '805-428-7907x0128', 'cu', 'Cali Alley', 'dejuan.franecki@example.net'),
(66515, '1-518-898-3399', 'au', 'Rogelio Crossing', 'wolff.whitney@example.com'),
(67180, '1-474-141-6482x099', 'do', 'Kihn Mission', 'colby.ward@example.org'),
(67777, '(171)496-3357', 'be', 'Adams Points', 'earnestine07@example.com'),
(68441, '(625)223-7284x13024', 'qu', 'Cronin Port', 'hillard61@example.org'),
(68734, '343.831.4049x02376', 'di', 'Cruickshank Lock', 'ivy.willms@example.net'),
(69112, '777-130-0124', 'in', 'Emard Ways', 'kristian.mraz@example.org'),
(69323, '188-345-7884x45633', 'qu', 'Smitham Gateway', 'kozey.howell@example.com'),
(69882, '+86(7)4315338149', 'qu', 'Ruby Road', 'regan.mclaughlin@example.net'),
(70186, '(203)375-5205x1907', 'no', 'Marvin Highway', 'marquise52@example.org'),
(70896, '1-553-291-4575x0426', 'un', 'Sanford Coves', 'julie.deckow@example.com'),
(72383, '036-653-9461', 'hi', 'Clarabelle Pines', 'ykub@example.net'),
(72466, '01548963219', 'om', 'Hammes Centers', 'hank01@example.org'),
(72590, '518.038.6679', 'su', 'Zachery Street', 'leonel.huels@example.com'),
(72723, '1-428-079-9166', 'no', 'Sofia Green', 'jessyca68@example.com'),
(73624, '01776629037', 'vi', 'Upton Estates', 'goldner.adrian@example.org'),
(73886, '067-353-0827x6770', 'ex', 'Johan Prairie', 'june32@example.net'),
(74147, '07169419357', 'te', 'Kailyn Brook', 'jeffrey72@example.net'),
(74400, '1-674-881-9714x60249', 'ma', 'Auer Summit', 'haylie.veum@example.net'),
(74656, '182-216-0145x2976', 'ar', 'Cornelius Fort', 'sawayn.jeanie@example.net'),
(74823, '620-010-7647x45578', 'ac', 'Mireya Cape', 'alex27@example.net'),
(75118, '822-716-4733x79671', 'au', 'Schaden Shoals', 'yo\'reilly@example.net'),
(75287, '484.447.8927x76022', 'al', 'Baumbach Rapids', 'ryley.miller@example.com'),
(76281, '(413)534-7295x97868', 'do', 'Prohaska Turnpike', 'schmeler.sydni@example.com'),
(76551, '121.366.7008x9201', 'to', 'Franecki Prairie', 'cristobal.carter@example.com'),
(76788, '05659638839', 'ut', 'Blanche Rapids', 'bethel.orn@example.org'),
(76897, '790.767.4708', 'mo', 'Manuel Garden', 'wade.gulgowski@example.org'),
(77359, '(864)952-1020', 'ra', 'Carmella Lane', 'jdurgan@example.com'),
(77391, '537.816.1475x750', 'do', 'McKenzie Pine', 'domenica83@example.net'),
(77732, '1-822-551-6941x05675', 'ip', 'Otilia Motorway', 'cnienow@example.org'),
(77870, '(531)400-1666', 'el', 'Klein Station', 'green.justina@example.org'),
(77951, '1-513-346-2094x50684', 're', 'Kreiger Forest', 'frami.benny@example.net'),
(78185, '098-617-8678', 'id', 'Nathanial Crossroad', 'kstrosin@example.org'),
(78742, '(399)307-1253x4643', 'pr', 'Kallie Points', 'pietro45@example.net'),
(79267, '00983500401', 'do', 'Herzog Ways', 'doug75@example.com'),
(80018, '1-749-352-5571', 'qu', 'Madisyn Squares', 'wrunte@example.org'),
(80528, '969-184-9667x569', 'ex', 'Feest Points', 'rosalinda.willms@example.net'),
(81243, '05710990188', 'ip', 'Dahlia Trail', 'wilhelmine.renner@example.org'),
(81962, '(343)807-3005', 'eo', 'Juanita Tunnel', 'lamar51@example.com'),
(83399, '03400588821', 'no', 'Clair Route', 'hgerlach@example.net'),
(85662, '518.862.6974x9730', 'si', 'Kali Path', 'cleveland.hegmann@example.net'),
(86207, '1-005-696-4448', 'ad', 'Russel Turnpike', 'ruecker.meredith@example.net'),
(86362, '+31(0)4026224348', 'ex', 'Rolfson Rapids', 'wmurray@example.org'),
(87194, '128-716-3038x73373', 'mo', 'Leonel Vista', 'lhamill@example.com'),
(88507, '(869)249-4843x128', 'do', 'Gerlach Loop', 'littel.eddie@example.org'),
(89063, '695-847-5509x76759', 're', 'Kevon Wells', 'carmel20@example.net'),
(89251, '(451)284-2407x853', 'co', 'Abbigail Ford', 'hilpert.rahsaan@example.org'),
(90702, '1-581-172-6630x023', 'of', 'Elda Stravenue', 'mconsidine@example.net'),
(93115, '203-705-0613x459', 'di', 'Barrett Extensions', 'bergstrom.frank@example.com'),
(94279, '1-618-731-8878', 'es', 'Braun Island', 'mrutherford@example.org'),
(94581, '936-469-2189', 're', 'Kreiger Knolls', 'leuschke.benny@example.net'),
(96379, '06854653076', 'si', 'Dana Manors', 'samir31@example.org'),
(96402, '358-096-9682x157', 'et', 'Deckow Springs', 'doyle.jensen@example.org'),
(96958, '(371)095-4592x90095', 'do', 'Schowalter Mission', 'tconroy@example.org'),
(98123, '705.228.4062', 'ip', 'Sanford Prairie', 'javon.goldner@example.com'),
(99372, '(715)095-1749x584', 'qu', 'Schroeder Gateway', 'tyree.spinka@example.com'),
(101244, '1-862-121-7335x8831', 'eu', 'Willms Pike', 'junius.tromp@example.com'),
(108982, '684-520-0364x57728', 'co', 'Meagan Common', 'vhand@example.net'),
(118430, '812.685.7851x2028', 'al', 'Lynch Crest', 'leilani84@example.org'),
(119757, '1-798-332-4679x946', 'al', 'Jeanie Rest', 'blick.maeve@example.com'),
(120738, '430-506-8966x970', 'es', 'Gottlieb Ports', 'nwindler@example.org'),
(126246, '623.273.1620x6987', 'do', 'Loraine Summit', 'danial43@example.com'),
(126610, '(114)440-3765x57486', 'su', 'Carter Springs', 'towne.hillard@example.net'),
(126775, '07900169005', 're', 'Klein Knoll', 'bednar.lyric@example.net'),
(145585, '545-160-9136x2755', 'es', 'Ariane Forge', 'breitenberg.dudley@example.com'),
(151558, '+44(8)8750603666', 'of', 'Rolfson Falls', 'kautzer.eleazar@example.com'),
(170305, '1-942-895-4730x711', 'bl', 'Nolan Radial', 'tstokes@example.net'),
(172665, '635.980.5238x0902', 'ev', 'Della Groves', 'corwin.gwen@example.org'),
(186937, '1-988-019-5611x08828', 'ip', 'Bogan Mill', 'ulegros@example.net'),
(190234, '322.676.2491x296', 'qu', 'Brown Turnpike', 'willa16@example.org'),
(193446, '403.360.4387x375', 'al', 'Price Light', 'wbruen@example.com'),
(204392, '(971)767-4116x6352', 'ip', 'Gerhold Prairie', 'eryn.daniel@example.net'),
(206110, '(176)842-7141', 'de', 'Gutmann Walks', 'shany82@example.net'),
(208478, '390.498.8013x0829', 'se', 'Maryam Overpass', 'ludwig.kihn@example.net'),
(210460, '355.500.3032x427', 're', 'Randall Walks', 'brussel@example.com'),
(221214, '231-844-8684', 'na', 'Ziemann Avenue', 'xrau@example.org'),
(228475, '+87(5)8877817579', 'ha', 'Talia Hill', 'marilie15@example.com'),
(234646, '825-803-7109x122', 'co', 'Pacocha Ridge', 'delphine46@example.net'),
(241803, '1-841-150-1361', 'fa', 'Dora Parkway', 'giles60@example.org'),
(242584, '1-103-098-6025x338', 'vo', 'Cielo Common', 'genoveva.d\'amore@example.com'),
(245944, '710-966-5772', 'mo', 'Athena Avenue', 'nola60@example.org'),
(250627, '+72(0)5111424525', 'fu', 'Mia Burgs', 'loren.cassin@example.com'),
(262333, '349-984-5202x926', 'vo', 'Quinten Mountains', 'bbartell@example.org'),
(279361, '1-642-039-3891x260', 're', 'Emard Meadow', 'talia79@example.org'),
(290207, '532-614-6843x08310', 'be', 'Corwin Lodge', 'fdavis@example.org'),
(290747, '04014574568', 'om', 'Bruen Passage', 'gbernier@example.org'),
(294431, '1-639-528-1965', 'qu', 'Kuhic Cove', 'jones.rhiannon@example.net'),
(298231, '1-453-709-4275', 'di', 'Maye Landing', 'upton.edmund@example.net'),
(299093, '822.275.0496x7801', 'se', 'Otis Fords', 'hortense.hyatt@example.com'),
(300738, '1-158-839-9343x22997', 'ea', 'Bernhard Ridge', 'yrobel@example.net'),
(306084, '(556)996-9133x8061', 'ul', 'Austen Road', 'candice.klocko@example.com'),
(309085, '687-160-1120x66376', 'od', 'Jed Drive', 'richmond.farrell@example.net'),
(311631, '(419)493-2042', 'et', 'Leannon Creek', 'rosalia.daniel@example.org'),
(313940, '(205)976-7404x923', 'ut', 'Corrine Roads', 'brycen65@example.com'),
(326280, '+11(2)7217467060', 'en', 'Rodger Hills', 'kory.rodriguez@example.net'),
(336031, '320-832-8413', 'ad', 'Gottlieb Mission', 'boehm.nia@example.com'),
(342649, '(693)891-3501', 'si', 'Ernser Ramp', 'vallie.spinka@example.org'),
(346406, '1-214-468-2056', 'vo', 'Huels Causeway', 'mbins@example.net'),
(368119, '(225)924-9906', 'in', 'Schoen Mountain', 'ylakin@example.org'),
(378397, '(388)144-3826', 'od', 'Mraz Well', 'kulas.orie@example.org'),
(379614, '+27(9)3080311016', 'ut', 'Nienow Lakes', 'aliyah91@example.net'),
(381958, '073.882.0760', 'te', 'Emilia Trail', 'pfeffer.david@example.com'),
(414082, '01054568105', 'qu', 'Dickinson Oval', 'awaelchi@example.com'),
(416214, '05546418194', 'li', 'Huel Stream', 'okey.rempel@example.org'),
(417961, '872.120.8052x9102', 'ne', 'Konopelski Points', 'waldo.schmitt@example.com'),
(433415, '782-010-7132x813', 'se', 'Cathrine Dale', 'adaline34@example.com'),
(436362, '644.083.9756', 're', 'Armstrong Circle', 'gianni.olson@example.net'),
(438675, '403.130.9337x91921', 'ip', 'Lizeth Lodge', 'tbode@example.org'),
(444295, '798-487-3935x491', 'de', 'Bauch Lights', 'noble.prohaska@example.net'),
(451012, '1-897-460-7177', 'do', 'Zboncak Keys', 'dayna.prosacco@example.com'),
(451355, '+40(9)9281089137', 'om', 'Gwendolyn Squares', 'effertz.bailee@example.com'),
(458568, '786-692-4057x48137', 'qu', 'Schinner Avenue', 'froob@example.org'),
(471101, '1-010-425-6118', 'do', 'Streich Trail', 'hmckenzie@example.net'),
(497435, '03409919772', 'po', 'Gutmann Place', 'schaefer.gennaro@example.com'),
(498565, '(509)333-5119x99660', 'la', 'Lemke Plaza', 'hoppe.kamron@example.com'),
(499640, '417-639-5250x3722', 've', 'Weissnat Underpass', 'felicia.cartwright@example.com'),
(505615, '(154)743-5533x7795', 'qu', 'Hahn Cliff', 'ashton.o\'reilly@example.net'),
(509227, '518.900.9982x401', 'co', 'O\'Reilly Trail', 'nkihn@example.net'),
(512861, '(183)836-8581', 'ne', 'Melyssa Brook', 'reina.kertzmann@example.net'),
(516567, '143.540.9545', 'il', 'Brakus Keys', 'bridie60@example.net'),
(525965, '(604)509-7695x578', 'au', 'Swift Passage', 'estell21@example.com'),
(526279, '133-852-7730x8419', 'se', 'Frederick Mountains', 'maiya.schumm@example.net'),
(528270, '1-440-888-3188', 'su', 'Angie Street', 'ostroman@example.org'),
(540145, '07830200985', 'es', 'Bergstrom Shoal', 'xkuhlman@example.com'),
(552750, '122.631.2618', 'se', 'Hilll Lock', 'hrunolfsson@example.org'),
(555924, '221-976-9314', 'te', 'Madge Mountains', 'eladio.will@example.net'),
(584509, '652.532.2980x162', 'il', 'Walker Plaza', 'shaylee.mclaughlin@example.org'),
(589039, '1-719-075-1463x01971', 'oc', 'Payton Walk', 'gabriel.koch@example.net'),
(592136, '1-420-579-0795', 'et', 'Ferry Viaduct', 'minnie04@example.org'),
(592838, '1-473-537-0512x967', 'ev', 'Gaylord Plains', 'simonis.craig@example.net'),
(595001, '444.716.5600x842', 'at', 'Catharine Shores', 'wade.stroman@example.com'),
(603404, '473.874.3278x57120', 'qu', 'Schaden Plaza', 'alba.boehm@example.org'),
(608999, '419-336-8556x121', 'co', 'Dillon Vista', 'johann24@example.com'),
(613907, '02145677368', 'eu', 'Pouros Roads', 'leopoldo36@example.com'),
(615594, '796.883.0379x861', 'di', 'Jenkins Loop', 'yessenia47@example.net'),
(625021, '(038)917-8713x0473', 'te', 'Anissa Alley', 'jean63@example.net'),
(629849, '942-731-9786', 'er', 'Mohr Drive', 'gborer@example.net'),
(631464, '643-852-6904x0175', 're', 'Christina Land', 'rowe.michaela@example.org'),
(634654, '(751)815-2802', 'se', 'Halvorson Mews', 'emelie.pacocha@example.com'),
(648900, '05112318318', 'au', 'Enrique Station', 'lavonne.bode@example.com'),
(651737, '1-276-005-0763', 're', 'Addison Plains', 'clint03@example.net'),
(655074, '338.301.7051x2914', 'et', 'Hessel Street', 'bogan.tanya@example.com'),
(656774, '361.819.8690', 'au', 'Ken Brooks', 'heber.leffler@example.com'),
(661812, '946.047.6357x627', 've', 'Daron Common', 'jones.flavie@example.org'),
(683492, '(403)720-3594', 'en', 'O\'Kon Spurs', 'schimmel.cecile@example.com'),
(697215, '(163)321-7401', 'qu', 'Dach Throughway', 'marianna65@example.net'),
(699747, '1-097-732-5826x906', 'fu', 'Saige Canyon', 'leffler.berneice@example.com'),
(703762, '(214)261-4193', 'ut', 'Alvis Route', 'streich.lauretta@example.org'),
(706992, '226-023-9488x1311', 'mi', 'Margaret Loop', 'adams.joseph@example.org'),
(715906, '178-404-1423x994', 'ex', 'Oral Square', 'hhowell@example.net'),
(721095, '+09(6)4389624722', 'ra', 'Rickey Mount', 'bernhard.demetrius@example.com'),
(725830, '01052842001', 'su', 'Vidal Wall', 'kovacek.carli@example.org'),
(728768, '109-673-6990x737', 'do', 'Gaylord Trail', 'pouros.addison@example.net'),
(731300, '089.944.5334x0469', 'mo', 'Ryleigh Springs', 'malinda.dibbert@example.com'),
(735116, '527.468.8717x93961', 'ar', 'Cronin Union', 'tia93@example.org'),
(742345, '+89(9)5101114448', 'al', 'Katherine Manor', 'bonnie.bashirian@example.com'),
(753806, '+42(4)0600523202', 'se', 'Kuhlman Station', 'erohan@example.org'),
(755533, '648.563.2285x09258', 'ul', 'Ankunding Port', 'botsford.genoveva@example.com'),
(771705, '008-430-6783', 'et', 'Margaret Falls', 'santa45@example.net'),
(776467, '522.664.5100', 'il', 'Quitzon Ports', 'chowell@example.net'),
(787114, '04524700247', 'il', 'Margaret Green', 'camila71@example.com'),
(792450, '772.519.5842x91009', 'co', 'Elsie Mountain', 'luisa.krajcik@example.org'),
(804083, '+88(0)1584505737', 'id', 'Cornelius Row', 'simone72@example.org'),
(804158, '(774)791-1036', 're', 'Nico Lane', 'kaitlin26@example.org'),
(809850, '805-576-5577', 'qu', 'Ericka Groves', 'paul25@example.com'),
(821094, '1-500-663-0901x80047', 'ut', 'Hal Coves', 'jo\'connell@example.org'),
(839639, '249.915.3648x758', 'ex', 'Violet Track', 'ohammes@example.net'),
(849126, '278-715-5685x50126', 'no', 'German Passage', 'jimmie96@example.com'),
(866254, '(420)176-2379x2612', 'bl', 'Balistreri Center', 'ylindgren@example.net'),
(873335, '1-520-893-7909x4835', 'in', 'Steve Lodge', 'koepp.addie@example.org'),
(880485, '+65(9)9760138896', 'ex', 'Alexzander Shoal', 'cortney.klocko@example.net'),
(881842, '01983873764', 'la', 'O\'Connell Common', 'ritchie.porter@example.com'),
(901673, '(113)264-4802x37592', 'of', 'Lesch Crossing', 'alphonso.bechtelar@example.net'),
(913498, '1-257-855-2843x4458', 'co', 'Tiara Trail', 'brekke.sid@example.net'),
(914089, '1-960-179-7019x000', 'au', 'Rusty Vista', 'parker99@example.com'),
(917328, '1-199-605-5207x71631', 'vo', 'Daphnee Plains', 'bkeeling@example.net'),
(921672, '+65(3)2454479768', 're', 'Leonor Center', 'kiehn.carlo@example.com'),
(923208, '1-982-917-0781x63154', 'to', 'Arjun Rue', 'barton.funk@example.com'),
(931038, '04704764217', 'si', 'Trey Walk', 'runolfsdottir.gladys@example.net'),
(936434, '(711)493-1597x00856', 'co', 'Jan Burg', 'xschaden@example.net'),
(936682, '+65(3)2219723213', 'et', 'Granville Bypass', 'wfunk@example.org'),
(939932, '248-370-2910', 've', 'Boyer Cliffs', 'hyatt.manley@example.com'),
(950854, '+48(1)4485128158', 'bl', 'Willa Plains', 'blick.simeon@example.com'),
(955502, '1-050-346-1369x013', 're', 'Smith Highway', 'vernie.kunde@example.net'),
(961126, '1-321-410-0063x17237', 'no', 'Elyssa Mountains', 'hfranecki@example.net'),
(965994, '960-157-1515x3853', 'sa', 'Maci Stravenue', 'oscar.o\'keefe@example.com'),
(970675, '+21(3)4991177322', 'un', 'Jaclyn Common', 'marcelle.frami@example.net'),
(973080, '822-921-5064x72276', 'qu', 'Morar Meadow', 'gavin39@example.net'),
(978150, '(311)829-9840', 'eu', 'Bahringer Trail', 'hyundt@example.com'),
(981062, '09631959666', 'si', 'Lea Turnpike', 'taryn.gutkowski@example.org'),
(995794, '1-846-956-5084x4404', 'qu', 'Otis Ville', 'reina30@example.com'),
(1230770, '666-694-6228x5280', 'qu', 'Monahan Shores', 'rmarks@example.net'),
(1500226, '1-303-311-1465x18245', 'fu', 'Huels Land', 'fatima.ferry@example.com'),
(1614423, '01669973284', 'it', 'Demetrius Ford', 'heaney.emelie@example.net'),
(1674638, '1-849-317-0797x555', 'et', 'Milford Path', 'meghan43@example.com'),
(1711161, '(730)951-1191x728', 'pe', 'Sanford Forks', 'eshanahan@example.net'),
(1714531, '1-071-593-1270x0162', 'ne', 'Vandervort Mills', 'shakira.cruickshank@example.net'),
(1748983, '(986)831-1677', 'in', 'Kendrick Park', 'mcglynn.anibal@example.com'),
(1815612, '118-168-7119x1491', 'no', 'Griffin Unions', 'alisha53@example.net'),
(1887586, '1-974-891-3309x8524', 'un', 'Daugherty Village', 'dawson.yundt@example.org'),
(1939088, '+34(9)7664698626', 'ut', 'Feil Run', 'smith.carroll@example.net'),
(2074533, '05293625398', 'la', 'Parisian Fields', 'upton.libby@example.com'),
(2090238, '01400455595', 'ni', 'Vicenta Spring', 'annalise73@example.net'),
(2120305, '(689)189-6907x804', 'qu', 'Satterfield Island', 'ustanton@example.net'),
(2209449, '047-287-3839x856', 'qu', 'Nitzsche Canyon', 'christa22@example.net'),
(2232443, '1-305-802-7545x943', 'om', 'Morissette Brooks', 'bulah.macejkovic@example.net'),
(2291160, '+69(6)0959281550', 'et', 'Kulas Ford', 'fritchie@example.org'),
(2294931, '373-749-4361', 'et', 'Dibbert Underpass', 'nitzsche.deborah@example.org'),
(2315319, '(244)273-6110', 'ex', 'Daren Harbor', 'ulehner@example.org'),
(2383493, '+59(3)5608570163', 're', 'Melody Drive', 'etha.rogahn@example.com'),
(2392042, '05087775686', 'ev', 'Blanche Way', 'linda41@example.com'),
(2468129, '461.661.1221', 'fu', 'Suzanne Stravenue', 'gpollich@example.net'),
(2610048, '238-627-3500', 'do', 'Stamm Summit', 'roberts.einar@example.org'),
(2621422, '823-955-1691', 'qu', 'Fritsch Creek', 'leuschke.olga@example.org'),
(2638559, '540.743.4476', 're', 'Gleichner Rapids', 'ritchie.chaya@example.net'),
(2669504, '+15(0)2760566224', 'ex', 'Lelia Locks', 'virgie15@example.net'),
(2674618, '971.945.4455', 'as', 'Jovani Mount', 'jade.stehr@example.com'),
(2689001, '1-060-037-3358x9687', 're', 'Jakubowski Bridge', 'adriana91@example.com'),
(2941758, '257.480.7851x5495', 've', 'Leuschke Rue', 'gregoria.hermiston@example.net'),
(2963126, '1-879-389-6325x3818', 'at', 'Sanford Roads', 'abdul75@example.net'),
(2974944, '+15(3)6864236598', 'ut', 'Toney Parkway', 'jast.reba@example.net'),
(3012287, '235.566.1668', 'au', 'Alexane Haven', 'salma.denesik@example.net'),
(3228892, '+26(8)5878036974', 'et', 'Armstrong View', 'amelie.yundt@example.com'),
(3259303, '(056)104-3048', 'od', 'Eddie Run', 'peggie01@example.net'),
(3287030, '439.850.9394x18190', 're', 'Blaise Crescent', 'mckenzie.casey@example.org'),
(3322639, '(196)858-6932x38689', 'ni', 'Tiara Spurs', 'nkoelpin@example.org'),
(3327054, '413-592-9546', 'vo', 'Gulgowski Brooks', 'chasity70@example.com'),
(3563398, '1-805-139-4133x1413', 'ea', 'Anissa Place', 'antonetta61@example.com'),
(3648382, '+72(0)6101514613', 'de', 'Hackett Crescent', 'fboyer@example.net'),
(3663165, '566.499.7831x838', 'do', 'Pamela Village', 'brennon.lang@example.com'),
(3739467, '(799)560-9654', 'pr', 'Winona Hill', 'kurtis15@example.org'),
(3927110, '376-514-4229x7037', 'eo', 'Javon Bypass', 'dasia.jacobi@example.net'),
(3928178, '1-814-880-2836x584', 'om', 'Chelsea Isle', 'imann@example.org'),
(3958615, '09351960289', 're', 'Powlowski Extension', 'bernard30@example.net'),
(4077642, '187-283-5200', 'in', 'Luz Lock', 'skozey@example.net'),
(4079398, '842-280-7205x6379', 'qu', 'Shields Orchard', 'landen.mcclure@example.com'),
(4139029, '283.347.6160x361', 'et', 'Konopelski Meadow', 'graham.thaddeus@example.org'),
(4157050, '(118)665-7542x1211', 'de', 'Watsica Estate', 'glover.jana@example.net'),
(4254027, '(746)038-2685x5335', 'so', 'Renner Crossing', 'ted50@example.org'),
(4277728, '408.174.2440', 'co', 'Okuneva Circles', 'lkling@example.org'),
(4299441, '09099647115', 'au', 'Rempel Junctions', 'hmitchell@example.org'),
(4312507, '(688)679-3909x98628', 're', 'Janis Motorway', 'kathleen.robel@example.com'),
(4335281, '(530)054-7827', 'qu', 'Orn Place', 'nathanael56@example.com');
INSERT INTO `users_api_alumni` (`user_id`, `contact`, `gender`, `address`, `email`) VALUES
(4393817, '679-972-6095x712', 'no', 'Briana Road', 'fcarroll@example.net'),
(4468384, '228-465-5947', 'ma', 'Rolfson Meadow', 'dayna.jacobs@example.org'),
(4598873, '395.144.5348', 're', 'Beahan Ferry', 'emard.ebba@example.com'),
(4664050, '139.768.9393', 'to', 'Myrtice Port', 'selmer.kessler@example.org'),
(4741110, '(458)808-9028x0269', 'hi', 'Rudolph Springs', 'anais14@example.com'),
(4857111, '+04(6)2193342341', 're', 'Keeling Ramp', 'conner.kunze@example.org'),
(4927130, '06817010390', 'di', 'Schneider Plains', 'penelope26@example.com'),
(4980128, '223-715-3176x8445', 'et', 'Enos Forest', 'pfeffer.ralph@example.net'),
(4983050, '444-721-1879x59408', 'au', 'Emmanuelle Ports', 'wheller@example.org'),
(5004807, '+81(5)8561999266', 'om', 'Torp Gardens', 'durgan.adah@example.com'),
(5017694, '244-502-5700x427', 're', 'Scot Walk', 'zieme.lilla@example.net'),
(5067984, '(340)940-5590x95311', 'eu', 'Doyle Alley', 'melisa.morar@example.org'),
(5087121, '00104388438', 'co', 'Leffler Locks', 'baumbach.hassan@example.net'),
(5266458, '(688)523-6337', 'od', 'Lehner Ford', 'torphy.madisen@example.net'),
(5279074, '+72(2)9223624280', 'mo', 'Conn Mountains', 'reyes47@example.org'),
(5378447, '476-125-8282x68733', 'ar', 'Maxine Lodge', 'dickinson.katarina@example.org'),
(5527484, '+78(2)7143158037', 'si', 'Genoveva Route', 'bankunding@example.org'),
(5565104, '1-303-078-4769', 'de', 'Cormier Union', 'ischowalter@example.org'),
(5574232, '1-834-807-0176', 'se', 'Cremin Spur', 'raina77@example.com'),
(5647310, '211-754-9898', 're', 'Altenwerth Mountain', 'bode.lorenz@example.org'),
(5666356, '09246410927', 'au', 'Sim Plain', 'kiehn.jaclyn@example.net'),
(5702447, '387.458.1748x9894', 're', 'Schowalter Villages', 'braun.madeline@example.org'),
(5705755, '1-893-956-6628x9693', 'qu', 'Casandra Views', 'xnikolaus@example.com'),
(5732068, '(632)262-9215x322', 'at', 'Stamm Via', 'kyra26@example.com'),
(5762672, '766.785.4850x6054', 're', 'Hermann Circles', 'mervin.hermann@example.org'),
(5777388, '773.413.9908', 'ab', 'Cole Points', 'duncan26@example.net'),
(5810937, '+81(5)6999667743', 'qu', 'Amely Pines', 'oleannon@example.com'),
(5943575, '(709)725-8456x37639', 'pe', 'Senger Meadow', 'holden52@example.com'),
(6044757, '1-429-285-2521', 'ma', 'Gulgowski Villages', 'theron20@example.net'),
(6083447, '(832)165-1486', 'qu', 'Gabrielle Loaf', 'gmcdermott@example.net'),
(6111404, '1-842-361-4940x9363', 'ma', 'Hillary Trail', 'watson37@example.com'),
(6137372, '904-738-6104', 'fa', 'Brennan Vista', 'lina.sporer@example.org'),
(6196996, '(326)163-4219x641', 'vo', 'McDermott Grove', 'cchamplin@example.com'),
(6296319, '380.438.6080', 'ut', 'Dayna Mount', 'kevon.lubowitz@example.net'),
(6436449, '(180)571-5932', 'vo', 'Keely Spring', 'jacobson.melissa@example.org'),
(6496641, '(240)052-7054x0921', 'sa', 'Shania Walk', 'ilene00@example.net'),
(6544876, '157-110-5822x264', 'no', 'Cody Lodge', 'prunte@example.com'),
(6607297, '918-517-7559', 'en', 'Rudy Knolls', 'blaise43@example.org'),
(6663827, '527-955-7584x6128', 're', 'Nienow Light', 'creichel@example.net'),
(6867740, '(562)469-4738x249', 'do', 'Dawn Forge', 'waters.rowland@example.net'),
(7039063, '(733)382-5617', 'ma', 'Antonietta Knolls', 'ledner.enola@example.net'),
(7170834, '1-735-019-5269x153', 'qu', 'Shana Avenue', 'funk.misael@example.net'),
(7226900, '318-334-7230', 'in', 'Melisa Coves', 'vlabadie@example.net'),
(7281831, '(386)261-0025', 'im', 'Will Square', 'robbie16@example.com'),
(7358583, '778-862-1594x265', 'qu', 'Spinka Shoal', 'jordane.brakus@example.com'),
(7589760, '(851)407-0523', 're', 'Vaughn Green', 'hugh19@example.org'),
(7692079, '05258816549', 've', 'Spinka Shore', 'rkeebler@example.com'),
(7786065, '1-505-116-8441', 'om', 'Reichel Summit', 'kenyon14@example.net'),
(7836097, '327.533.3752x6172', 'co', 'Gayle Estates', 'pgleason@example.net'),
(8080906, '1-899-877-5855x177', 'di', 'Lucile Spring', 'charity.dare@example.net'),
(8361968, '868-810-9928x07664', 'no', 'Maude Brooks', 'trantow.everette@example.org'),
(8413566, '(690)602-1009', 'iu', 'Urban Square', 'metz.tierra@example.net'),
(8506712, '210-057-5486x99122', 'iu', 'Berge Course', 'jacey97@example.net'),
(8511612, '254.855.3505', 'ac', 'Olson Mews', 'trevion.harris@example.org'),
(8528867, '+98(3)4798002592', 're', 'Consuelo Rapids', 'rbednar@example.com'),
(8544767, '827-476-1914', 'po', 'Kaya Orchard', 'grant.horacio@example.org'),
(8590426, '277.038.3907', 'ut', 'Wisoky Neck', 'qframi@example.org'),
(8667536, '951.189.2507x30363', 'et', 'Pfeffer Parkways', 'arianna44@example.org'),
(8778628, '1-565-428-3089x62289', 'se', 'Kunze Drives', 'blair17@example.org'),
(8850890, '1-631-778-3261x93538', 'au', 'Kris Inlet', 'monty.cummings@example.com'),
(8950161, '(761)293-5056', 're', 'Antwan Harbor', 'windler.sylvester@example.org'),
(8952775, '+97(6)6864373097', 'qu', 'Ritchie Landing', 'lkshlerin@example.net'),
(9131427, '(301)635-9423x288', 'di', 'Dariana Flat', 'hfadel@example.net'),
(9288630, '034-494-3529x733', 'ut', 'Guillermo Pass', 'qgerlach@example.com'),
(9329988, '469-494-4428x5584', 're', 'Abraham Course', 'murphy98@example.org'),
(9585937, '476-113-1569', 'ex', 'Nettie Islands', 'connelly.annamarie@example.org'),
(9831014, '1-552-071-0680x761', 'la', 'Tabitha Extension', 'weber.cali@example.org'),
(9967367, '863.029.6547x473', 've', 'Cameron Mills', 'koepp.keely@example.org'),
(10133934, '448-300-2761x00501', 'qu', 'Lebsack Junctions', 'zcassin@example.net'),
(10249480, '(279)606-3679', 'qu', 'Bernier Road', 'olin.terry@example.org'),
(10635279, '+87(9)8551950542', 'du', 'Ebert Trail', 'kathryn56@example.org'),
(10646424, '880-098-6138', 'di', 'Colten Locks', 'qrogahn@example.com'),
(10692922, '(931)923-6656x0288', 'be', 'Josephine Orchard', 'wyman.sydnie@example.org'),
(11934343, '(288)844-9317', 'ne', 'Mayer Ports', 'connelly.grayce@example.net'),
(12604332, '129-557-7584x562', 'oc', 'Skiles Way', 'gertrude44@example.com'),
(13732292, '+17(5)4464489586', 'ab', 'Sedrick Parkway', 'mcglynn.angeline@example.org'),
(13822832, '+68(2)3949860540', 'fu', 'McLaughlin Island', 'orie.rolfson@example.net'),
(13896539, '1-581-775-5142', 'pr', 'Green Extension', 'luisa.o\'connell@example.com'),
(14210959, '172.966.0650x2749', 'no', 'Alvah Pine', 'roxanne73@example.net'),
(15923388, '1-441-803-7917x3473', 'el', 'Richmond Walks', 'wlangosh@example.com'),
(15934579, '662.173.3456', 'es', 'Barton Knoll', 'evangeline57@example.net'),
(17089478, '637.774.2131x3990', 'do', 'Stroman Shores', 'mlindgren@example.org'),
(17120417, '1-663-649-0699', 'qu', 'Toy Canyon', 'geraldine99@example.org'),
(17468641, '1-212-375-2160x0651', 'es', 'Gleason Throughway', 'ikling@example.net'),
(18728407, '1-853-106-2273x083', 'ma', 'Freeman Ferry', 'halvorson.amaya@example.org'),
(18973407, '789-016-2424x861', 'qu', 'Herman Brook', 'nickolas.bernhard@example.org'),
(19103510, '174.662.9778x97972', 'nu', 'Schamberger Lights', 'ward.josiah@example.com'),
(19517966, '046-222-4624x48520', 'ex', 'Elyssa Island', 'wolf.modesto@example.org'),
(20132007, '490-929-6884', 'ap', 'Shanahan Rest', 'medhurst.thora@example.net'),
(21436214, '315-997-4744x56147', 'mo', 'Hoeger Gateway', 'reichel.dedrick@example.org'),
(21691781, '+07(1)6730562997', 'pe', 'Stefan Islands', 'nkling@example.net'),
(22751975, '1-341-420-1861x29711', 've', 'Gislason Freeway', 'ko\'keefe@example.net'),
(23572578, '+44(1)3350545394', 'do', 'Sylvia Throughway', 'mkerluke@example.net'),
(23674522, '(523)170-1499x8318', 'de', 'Rogers Extension', 'vspinka@example.com'),
(23873492, '188-212-3721', 've', 'Emile Motorway', 'williamson.cameron@example.com'),
(26164913, '1-952-051-8972', 'mo', 'Georgette Knolls', 'lourdes22@example.org'),
(26429075, '+97(0)4603064770', 'do', 'Jessica Flat', 'muller.sophie@example.net'),
(26828228, '1-175-953-0418x73379', 'bl', 'Augustus Run', 'roy.muller@example.net'),
(27713824, '(415)711-4243x75374', 'so', 'Towne Stravenue', 'ricky.mann@example.com'),
(28373944, '227-400-4876x94598', 'qu', 'Maryjane Meadows', 'esperanza56@example.org'),
(28457295, '457.234.1535x66980', 'co', 'Josefina Crossroad', 'bwaters@example.org'),
(28865376, '(136)715-6463x2749', 'au', 'Schroeder Tunnel', 'geovanny.reichert@example.net'),
(29832705, '1-361-275-9989', 'qu', 'Meagan Bypass', 'tianna47@example.com'),
(29973626, '1-727-774-2412x51881', 'as', 'Sanford Overpass', 'ibode@example.net'),
(30441478, '158.901.2367x815', 'ut', 'Wisoky Street', 'akeem.swaniawski@example.org'),
(30859570, '843-483-5130x9530', 'no', 'Kris Green', 'stark.keanu@example.org'),
(31223900, '1-440-450-9008x9429', 'mi', 'Lesch Falls', 'enos.hintz@example.org'),
(31408003, '1-893-379-2904x98751', 'mo', 'Predovic Summit', 'areinger@example.org'),
(31521062, '+39(8)1227280743', 'et', 'Windler Ports', 'frederic11@example.org'),
(31849191, '036-177-6241x43658', 'po', 'Kautzer Manor', 'aschroeder@example.org'),
(32213049, '100-743-5150', 'mo', 'Hegmann Rue', 'xkirlin@example.org'),
(32531817, '300-065-4881x23724', 'qu', 'Howell Gardens', 'henriette.ankunding@example.net'),
(33781408, '252.039.4887', 'ev', 'Considine Extensions', 'aylin82@example.org'),
(33869243, '1-302-236-0201x4652', 'am', 'Lemke Ways', 'aurore99@example.com'),
(34430926, '588.704.7312x3618', 'ut', 'Eddie Groves', 'gottlieb.augustus@example.org'),
(35401595, '(936)705-1689x28658', 'mi', 'Oral Park', 'mitchel70@example.net'),
(36734670, '980.168.5387x6125', 'ip', 'Monique Fork', 'parker.josh@example.net'),
(36900129, '(172)726-0016', 're', 'Kassulke Islands', 'trisha17@example.org'),
(37422437, '(283)436-9397x513', 'do', 'Jane Plaza', 'cveum@example.com'),
(39086427, '(386)217-7583', 'au', 'Mallie Crossing', 'rosalia15@example.net'),
(39644899, '(664)429-7369', 'hi', 'Upton Brooks', 'sblick@example.com'),
(41014635, '1-212-559-2241', 'et', 'Heaney Plaza', 'dianna70@example.org'),
(41094005, '085-254-1872x41332', 'qu', 'Kautzer Locks', 'rodriguez.delta@example.org'),
(41976197, '1-065-238-1284x581', 'sa', 'Jaquelin Overpass', 'cmedhurst@example.net'),
(42523545, '922.514.5795', 'nu', 'Al Common', 'thalia68@example.org'),
(43070458, '209-332-1641x1349', 'es', 'Weimann Ford', 'jbrown@example.com'),
(43332034, '05795591260', 'un', 'Rice Brook', 'marks.candace@example.org'),
(44119765, '+51(6)6382116013', 'vo', 'Clemmie Road', 'coty.smitham@example.org'),
(44165454, '+83(6)7919317198', 'qu', 'Maude Drive', 'kautzer.missouri@example.com'),
(44381161, '1-209-196-5519', 'ni', 'Marshall Isle', 'orin76@example.org'),
(44459224, '718.466.4367', 'si', 'Hiram Port', 'dfisher@example.com'),
(45559659, '892-569-7423', 'no', 'Sauer Forge', 'xsporer@example.com'),
(45698852, '(919)761-0840x0618', 'ne', 'Dickens Plaza', 'evan38@example.org'),
(46192299, '747-197-6968x6383', 'cu', 'Bogan Loop', 'grant.carli@example.org'),
(46943800, '(429)891-2698', 'co', 'Mckenzie Harbor', 'gerda47@example.org'),
(47288957, '918.322.6960x866', 'as', 'Electa River', 'cecile93@example.net'),
(47292533, '1-580-944-3370', 'id', 'Haag Square', 'do\'conner@example.net'),
(48076874, '(321)815-7300', 'cu', 'Ullrich Knolls', 'jacobi.andy@example.net'),
(48626401, '008-575-1146x746', 'do', 'Parisian Burgs', 'hegmann.raquel@example.org'),
(49653105, '(531)111-3464', 'ne', 'Hershel Gateway', 'cora.collier@example.net'),
(50367146, '1-725-761-7237x3362', 'vo', 'Emmerich Ramp', 'cary.mohr@example.org'),
(50581018, '1-583-817-3459x1486', 'ul', 'Mae Vista', 'kari.block@example.com'),
(50872976, '(355)939-6067x09913', 're', 'Hagenes Valley', 'bahringer.chadrick@example.net'),
(50958342, '(007)082-5167', 'ul', 'Heathcote Roads', 'oda21@example.org'),
(52456673, '443.348.0645x59897', 'su', 'Emmy Ridge', 'shany.o\'conner@example.net'),
(53112479, '824-065-5097', 'fu', 'Brenden Oval', 'bratke@example.net'),
(53379414, '1-735-083-5986x48265', 'hi', 'Bayer Forge', 'darien30@example.com'),
(54342417, '00985505901', 'se', 'Germaine Radial', 'krista60@example.com'),
(54669193, '192.033.7087x3779', 'iu', 'Goyette Lane', 'ofeil@example.com'),
(54801418, '(051)853-3655x6492', 'to', 'Leannon Shoal', 'pgusikowski@example.net'),
(56573028, '+83(2)9387700981', 'al', 'Jakayla Grove', 'demarco.wisozk@example.org'),
(56791775, '(629)331-6109x9039', 'et', 'Kristopher Mountain', 'gislason.giovanna@example.org'),
(58175885, '1-923-455-4196x5617', 'at', 'Conrad Bridge', 'qrussel@example.com'),
(58276931, '906.643.0338x3018', 'ne', 'Waelchi Fort', 'korey.goodwin@example.com'),
(60571517, '(729)766-7573x365', 'qu', 'Kaya Key', 'graham.kayden@example.net'),
(61234022, '08462964684', 'co', 'Soledad Mountains', 'hoeger.ryann@example.net'),
(61729999, '346-845-0585x982', 'au', 'Kunde Hill', 'cronin.daren@example.com'),
(62002711, '807.696.8871x33249', 'su', 'Beahan Fields', 'jeffery30@example.com'),
(63810760, '(386)877-2614x87423', 'as', 'Brekke Flats', 'beahan.stefanie@example.org'),
(63913453, '072.487.6390', 'id', 'Prosacco Corners', 'ikulas@example.com'),
(64709622, '00119746158', 'co', 'Danyka Lodge', 'jones.norbert@example.org'),
(65178660, '1-518-285-5864x8371', 'do', 'Clifton Groves', 'tre84@example.net'),
(66142038, '1-593-944-4716', 'ei', 'Jast Forest', 'okey66@example.net'),
(66853243, '1-429-573-2822x3286', 'au', 'Mayer Route', 'lebsack.emmalee@example.com'),
(67397140, '728-874-8311x4199', 'is', 'Hailie Fort', 'anais07@example.net'),
(69162781, '457-703-9479x23296', 'es', 'Kub Spur', 'nbeier@example.com'),
(69961360, '751.580.3973x51666', 'co', 'O\'Hara Ports', 'cameron54@example.net'),
(70208212, '1-799-839-4128', 'et', 'Pat Lodge', 'hmcglynn@example.com'),
(70318138, '(911)761-7176', 'no', 'Corkery Garden', 'kari61@example.org'),
(70957769, '(361)545-8664x7435', 'do', 'Carolina Radial', 'schamberger.dominic@example.net'),
(71426728, '1-230-917-1206', 'ab', 'Addie Village', 'obode@example.org'),
(72709379, '357.234.9125x2578', 'et', 'Effertz Club', 'skeebler@example.net'),
(74346191, '378-664-7068x942', 'ar', 'Laisha Row', 'marley07@example.org'),
(74807103, '670-359-8816', 'di', 'Cicero Heights', 'brutherford@example.com'),
(74942121, '(166)693-4466x7284', 'et', 'Fausto Extension', 'fbrekke@example.com'),
(75355895, '600-795-5902x09395', 're', 'Hayes Wells', 'waylon.daniel@example.net'),
(75819119, '(963)684-2829x7414', 'na', 'River Junctions', 'wlockman@example.net'),
(75824606, '1-671-201-7735x714', 'qu', 'Shyann Shores', 'justus00@example.com'),
(75927502, '1-994-852-3866x507', 'au', 'Gennaro Inlet', 'zkertzmann@example.com'),
(77053883, '1-198-184-2877', 'ad', 'Mante Dale', 'napoleon.lind@example.net'),
(77465270, '898-182-7312', 'qu', 'Jaunita Islands', 'alisa95@example.com'),
(78603301, '1-182-159-2400x39068', 'cu', 'Maxie Pass', 'vo\'reilly@example.net'),
(78613467, '1-358-425-1182', 'hi', 'Hettinger Bypass', 'dicki.bette@example.com'),
(78880954, '1-192-596-3771x42875', 'et', 'Schmidt Valleys', 'cummerata.max@example.net'),
(79015653, '954.117.2282x23558', 'ut', 'Dickinson Neck', 'deven.torp@example.org'),
(79029248, '+37(3)2859393257', 'qu', 'Bartell Inlet', 'nlind@example.net'),
(79426319, '331.578.6865x70937', 'au', 'Reid Pike', 'rschmitt@example.org'),
(79538143, '544-340-0593', 'de', 'Swift Ports', 'istroman@example.com'),
(80213882, '07870007419', 'po', 'Jast View', 'bashirian.gianni@example.net'),
(81326843, '1-638-244-8729x55712', 've', 'Marty Plain', 'manley.kris@example.net'),
(81659346, '497-422-1124x3903', 'do', 'Cordie Gateway', 'porter65@example.com'),
(81969728, '+51(4)7009064822', 'na', 'Schowalter Port', 'edonnelly@example.com'),
(82005330, '211.771.8296x1509', 'hi', 'Amira Club', 'heathcote.tracey@example.net'),
(82277855, '1-867-622-3272x2662', 'pr', 'Tromp Course', 'mayer.aisha@example.net'),
(83782386, '771.908.7390', 'es', 'Serenity Coves', 'maggio.elian@example.org'),
(83875897, '03538158004', 'co', 'Morar Dam', 'kendrick.abbott@example.net'),
(84857754, '+03(1)9492242596', 'om', 'Rice Passage', 'braun.sabina@example.net'),
(84983726, '+97(6)3074537389', 'ut', 'Judson Lodge', 'rutherford.coy@example.net'),
(85216568, '119-558-6320x21435', 'ex', 'Charlotte Groves', 'rkirlin@example.net'),
(85665089, '673.170.3707', 'au', 'Jacobs Brook', 'prince.mcglynn@example.org'),
(85737159, '1-799-681-7709x0768', 'qu', 'Lakin Gardens', 'emory.nolan@example.org'),
(85808844, '1-217-312-9655x83241', 'sa', 'Wilber Shores', 'kyra.connelly@example.org'),
(85818237, '214.224.1809', 'vo', 'Ratke Ports', 'frederic90@example.org'),
(86009667, '1-200-956-2113x659', 'sa', 'Donnelly Knoll', 'jdibbert@example.com'),
(86142113, '447-794-5223', 're', 'Stamm Bridge', 'mafalda.schuster@example.com'),
(86436541, '+37(6)2976637151', 'et', 'Nyah Throughway', 'celestino.balistreri@example.org'),
(86692784, '(691)393-9777x45105', 'no', 'Jennifer Avenue', 'hector.deckow@example.net'),
(87479101, '311.819.6802', 'cu', 'Wiegand Burg', 'adolfo80@example.com'),
(87539077, '1-848-599-1609', 'do', 'Ariel Court', 'wiza.stella@example.net'),
(88198199, '605-076-0372', 'ex', 'Clark Gateway', 'catalina.jenkins@example.com'),
(88766332, '1-760-746-5580x1115', 'te', 'Carroll Port', 'imelda.lemke@example.org'),
(89451501, '1-660-826-4131x73391', 'du', 'Tremblay Prairie', 'hollis65@example.com'),
(89770225, '(503)107-3574x0672', 'de', 'Emard Isle', 'arvel.altenwerth@example.org'),
(90172926, '828-342-3941', 'ea', 'Koch Walks', 'mlangworth@example.com'),
(91157052, '888-485-4118x7740', 'ne', 'Tyshawn Forest', 'leta46@example.org'),
(91190718, '+12(3)4598151546', 'do', 'Collins Villages', 'vandervort.cora@example.com'),
(91403442, '(779)279-0944', 'do', 'Sporer Forges', 'akihn@example.net'),
(92172825, '524-532-6707', 'li', 'Evan Dam', 'bernhard.jarod@example.net'),
(92209767, '676-186-9444x399', 'vi', 'Schinner Wells', 'nmcglynn@example.net'),
(92612928, '669-332-1232', 'do', 'Boyle Extension', 'romaine73@example.net'),
(93039669, '(368)795-4102', 'no', 'Rafaela View', 'paris.streich@example.org'),
(95050164, '1-182-598-1502x9285', 'ne', 'Klein Trail', 'constance.mccullough@example.net'),
(95722546, '+92(6)5599663675', 'pa', 'Demetrius Turnpike', 'rreichel@example.org'),
(97119498, '758.314.2715x32117', 'ut', 'Feeney Corner', 'turner.ona@example.org'),
(97226814, '01514497615', 'ex', 'Lyda Shores', 'lily79@example.com'),
(97495575, '575.255.4942', 'mi', 'Jenkins Springs', 'nschowalter@example.net'),
(97537538, '890.305.3010x5051', 'po', 'Brycen Shoals', 'sally.daniel@example.net'),
(98435736, '(887)503-5068', 'nu', 'Deonte Unions', 'towne.hunter@example.net'),
(98952978, '+38(0)9146630909', 'es', 'Daphney Isle', 'vschulist@example.com'),
(112369250, '(429)194-5838', 'au', 'Osinski Forge', 'golden.kilback@example.net'),
(118945886, '986-706-3746x36250', 'vo', 'Dawson Hill', 'bauch.esta@example.org'),
(121654769, '04797138388', 'er', 'Romaguera Road', 'nya.jacobs@example.org'),
(129308946, '820.623.5717', 'et', 'Hackett Ports', 'katarina88@example.net'),
(129442648, '583-727-5031', 'ra', 'Maya Course', 'lhilll@example.com'),
(135171956, '(653)982-7869x56224', 'ip', 'Morris Villages', 'smitham.tremayne@example.net'),
(144146221, '461.321.9289', 'ev', 'Skyla Crescent', 'bernard.stanton@example.net'),
(150964341, '(505)936-0130x9442', 'pr', 'Herman Highway', 'zack46@example.net'),
(158923809, '(577)788-8079', 'fu', 'Mohr Club', 'khaley@example.org'),
(170192890, '1-857-883-3518', 'hi', 'Lebsack Track', 'armstrong.yvette@example.org'),
(183685054, '823-977-9052', 'qu', 'Lind Crescent', 'jo\'keefe@example.org'),
(192933172, '(332)692-5606', 'ma', 'Aufderhar Estate', 'aliza08@example.net'),
(207774745, '880-880-5224x4211', 'au', 'Aglae Trail', 'jherzog@example.org'),
(208534830, '553.436.1363x904', 'cu', 'Esther Port', 'everette.aufderhar@example.com'),
(225911560, '920.677.2624', 'es', 'Sister Pine', 'powlowski.lela@example.org'),
(231235434, '272-897-5927', 'as', 'Shawna Ridge', 'howard50@example.net'),
(237767746, '(705)967-7189x3616', 'la', 'Williamson Courts', 'rgorczany@example.net'),
(248603444, '1-801-064-9157', 'ex', 'Willms Gateway', 'genevieve.erdman@example.net'),
(253721782, '181.025.5903', 'au', 'Emie Mount', 'blair92@example.com'),
(263417835, '+96(9)9822915696', 'fa', 'Elmira Inlet', 'ray.shanahan@example.org'),
(264866570, '952.051.7759x302', 'ac', 'Ephraim Pike', 'winifred16@example.com'),
(268120358, '07189663305', 'ut', 'Rogahn Roads', 'lesch.helene@example.com'),
(296541119, '657-376-8557x772', 'ma', 'Christophe Harbors', 'vonrueden.jannie@example.net'),
(307065966, '903-992-0636', 'eo', 'Aletha Harbors', 'stark.pansy@example.org'),
(307527102, '(380)675-2754x456', 'te', 'Lang Hollow', 'qwillms@example.com'),
(319687429, '636.042.4536x849', 'il', 'Hane Wall', 'kkrajcik@example.net'),
(326192866, '885-110-4142x2939', 'ea', 'Weber Causeway', 'hahn.schuyler@example.net'),
(342253819, '274.532.1041x66724', 'vo', 'Herman Station', 'idenesik@example.com'),
(348035732, '+09(0)7466001702', 'es', 'Gleason Burgs', 'khirthe@example.org'),
(361256413, '1-023-756-9599x8473', 'do', 'Kuphal Creek', 'mcglynn.ariane@example.com'),
(385129741, '1-832-854-7481', 'nu', 'Ole Forest', 'claudia96@example.org'),
(385899080, '848-071-4457x456', 'qu', 'Bogisich Mountains', 'mchristiansen@example.com'),
(407193671, '1-054-116-8474x56154', 'po', 'Eleanore Flats', 'electa69@example.net'),
(422521751, '(852)592-7887x86612', 'al', 'Schuster Throughway', 'marks.heidi@example.com'),
(443796525, '(071)228-0984', 'do', 'Wolf Road', 'magdalen.rutherford@example.org'),
(447660845, '1-770-453-6000', 'ut', 'Rossie Fall', 'nikolaus.hailey@example.org'),
(451515137, '534-461-6843', 'vo', 'Dereck Field', 'ashton.hammes@example.net'),
(453676749, '460-980-3569', 'au', 'Kuhic Mountain', 'demond37@example.net'),
(455383306, '339-154-6427x94474', 'eu', 'Alta Light', 'jerome.jerde@example.org'),
(456601323, '(527)491-1363x52193', 'ul', 'Shanny Parkway', 'mabelle84@example.com'),
(471119411, '(299)300-0596', 'no', 'Brianne Freeway', 'nschultz@example.net'),
(480942374, '(541)988-8095x7312', 're', 'Judd Courts', 'nkoch@example.com'),
(481701411, '822-189-3057', 'te', 'Yasmeen Common', 'marie63@example.net'),
(505775850, '017.870.5684x2957', 'ex', 'Lexie Trail', 'huels.trey@example.net'),
(508553012, '(225)947-0664x5615', 'mo', 'Kessler Lake', 'crist.henri@example.com'),
(528243119, '860-253-6162x8681', 'ne', 'Hilda Stravenue', 'pwalsh@example.com'),
(532362683, '+65(9)7754440274', 'ra', 'Brown Summit', 'harber.brennan@example.com'),
(538323762, '1-466-967-7873', 'do', 'Herman Island', 'osvaldo78@example.net'),
(545091851, '+49(2)8027489205', 'au', 'Wyman Spring', 'eichmann.leanna@example.org'),
(554998884, '448.967.0759x99167', 'et', 'Claudine Cliff', 'gibson.lola@example.com'),
(566364732, '(030)560-2078x7689', 'ni', 'Alize Keys', 'chanelle.kiehn@example.com'),
(572998316, '1-624-968-3493x3288', 've', 'Mills Plains', 'caesar.beier@example.org'),
(595444291, '(143)317-0388', 'de', 'Beatty Keys', 'elta04@example.net'),
(597939216, '890.865.4352x41783', 've', 'Nicolas Oval', 'roberts.aniyah@example.net'),
(609581170, '(791)281-6171x43254', 'fu', 'Bessie Spurs', 'mayert.vella@example.net'),
(618429616, '553.779.6445', 'es', 'Shanahan Stream', 'tyrell36@example.net'),
(629910528, '524.877.3362x183', 'in', 'Dagmar Lights', 'rodger27@example.net'),
(631688301, '878-492-8968', 'la', 'Melba Mission', 'kariane26@example.com'),
(635303470, '867-605-5821', 'qu', 'Langworth Tunnel', 'do\'kon@example.com'),
(635997969, '196-933-4900x62584', 'ea', 'Lacey Camp', 'clint54@example.com'),
(651062312, '+94(9)2289394461', 'au', 'Ryan Ways', 'elvis88@example.com'),
(653649535, '169-553-4025', 'qu', 'Feil Avenue', 'chelsey.zieme@example.com'),
(669140241, '(689)026-9173x9251', 'ul', 'Conor Run', 'lexi71@example.com'),
(679222573, '1-517-543-0697', 've', 'Ava Ports', 'yweber@example.org'),
(683456468, '01935898606', 'ni', 'Jayda Rapid', 'will.rosemarie@example.net'),
(685052472, '434-927-7053x7663', 'vo', 'Goyette Mills', 'effertz.aniya@example.org'),
(690321262, '1-027-162-8479', 'po', 'Keebler Loaf', 'hermiston.francis@example.org'),
(690957676, '769-217-0497x902', 'no', 'Feil Rue', 'huels.cameron@example.net'),
(693161010, '007.905.8232x003', 'ra', 'Roslyn Unions', 'pacocha.mitchel@example.org'),
(699542340, '808.294.1707', 'se', 'Nadia Park', 'kjacobson@example.net'),
(708628420, '319-516-3777', 'vo', 'Donnelly Fort', 'lwalter@example.org'),
(731771815, '103.597.0594', 've', 'Easter Junction', 'karlee06@example.org'),
(733024326, '(855)353-5902x79803', 'er', 'Sipes Pines', 'lucas71@example.com'),
(742482969, '(229)393-7005', 'es', 'Lemke Land', 'bosco.jewel@example.org'),
(747330064, '+72(2)6940121686', 'qu', 'Candida Pass', 'fletcher13@example.org'),
(755087899, '1-008-851-7123x821', 'ne', 'Towne Place', 'bernhard.keith@example.com'),
(758399737, '(040)401-2784x67682', 've', 'Sarai Estates', 'marcelino30@example.net'),
(766854532, '720-596-3235', 'di', 'DuBuque Summit', 'alvah51@example.net'),
(772418662, '278-431-5156x990', 'es', 'Wilkinson Terrace', 'rebeka.nitzsche@example.com'),
(780029979, '1-218-078-7921', 'qu', 'Ruecker Forest', 'jermaine93@example.com'),
(792763172, '+17(5)8253603095', 'as', 'Jacobi Shore', 'dina.wisoky@example.org'),
(794690915, '895-095-1862x916', 'du', 'Feeney Land', 'preynolds@example.net'),
(796835409, '(328)759-1644x31257', 'al', 'Imelda Road', 'henderson.murray@example.com'),
(801429975, '+89(6)6241942460', 'du', 'Thompson Burgs', 'pacocha.abigale@example.org'),
(801438713, '1-678-492-1389', 've', 'Buford Mill', 'hane.deion@example.net'),
(802590406, '718.803.9309', 'no', 'Kuphal Greens', 'jerald36@example.org'),
(804522262, '04171792674', 'es', 'Raleigh Falls', 'sophie.stracke@example.net'),
(810055448, '118-947-6554x4403', 'qu', 'Glover Stream', 'bridget.stamm@example.com'),
(816553327, '(295)648-5652x50789', 'su', 'Edward Trafficway', 'amaya.mann@example.org'),
(820325450, '02109505126', 'mo', 'Tate Forge', 'dubuque.billie@example.net'),
(827368400, '345.611.1666', 'ma', 'Crystel Rest', 'kathryne09@example.net'),
(828408589, '953.928.8770', 'pl', 'Hoeger Port', 'vtromp@example.com'),
(834981073, '(064)081-7087', 've', 'Smith Groves', 'btorp@example.com'),
(840822171, '00027372050', 'li', 'Osinski Trafficway', 'nolan.tyreek@example.net'),
(859598109, '282.021.2409', 'ea', 'Greenfelder Isle', 'jerry79@example.net'),
(865215927, '(186)610-5082x18441', 'es', 'Kraig Cove', 'zfay@example.org'),
(868672505, '1-290-366-1792x99613', 'iu', 'Noble Rapid', 'missouri16@example.net'),
(875156477, '320-923-5717x6710', 'ma', 'Hipolito Expressway', 'estrella81@example.org'),
(908482946, '670.988.9834', 'mo', 'Felton Tunnel', 'hane.tate@example.org'),
(925709824, '343.154.6184x159', 'se', 'Flatley Islands', 'felicity.veum@example.org'),
(932831253, '(308)118-5674', 're', 'Dwight Groves', 'xconroy@example.net'),
(938710962, '07851670656', 'vo', 'Raynor Park', 'klocko.conrad@example.com'),
(962744787, '1-909-372-4929', 'ac', 'Patsy Drive', 'green.chanel@example.com'),
(968878945, '078-989-3956x581', 'op', 'Roob Common', 'norbert73@example.com'),
(969568004, '03532886692', 'et', 'Dallin Vista', 'whuel@example.net'),
(980441693, '(925)073-5860x027', 'of', 'Maxie Common', 'richmond42@example.net'),
(987062038, '(201)603-2484x99465', 'od', 'Carmen Locks', 'fahey.danyka@example.com'),
(998464390, '1-047-991-1783x6718', 're', 'Jamie Place', 'fredrick45@example.org');

--
-- Indexes for dumped tables
--

--
-- Indexes for table `chat`
--
ALTER TABLE `chat`
  ADD PRIMARY KEY (`chat_id`),
  ADD KEY `g_member` (`g_member_id`),
  ADD KEY `m_id` (`m_id`);

--
-- Indexes for table `collagenews`
--
ALTER TABLE `collagenews`
  ADD PRIMARY KEY (`co_news_id`),
  ADD KEY `user_ID` (`user_ID`);

--
-- Indexes for table `comment`
--
ALTER TABLE `comment`
  ADD PRIMARY KEY (`comment_id`),
  ADD KEY `forum_id` (`forum_id`),
  ADD KEY `user_ID` (`user_ID`);

--
-- Indexes for table `event`
--
ALTER TABLE `event`
  ADD PRIMARY KEY (`event_id`),
  ADD KEY `user_ID` (`user_ID`);

--
-- Indexes for table `feedback`
--
ALTER TABLE `feedback`
  ADD PRIMARY KEY (`feed_id`);

--
-- Indexes for table `forum`
--
ALTER TABLE `forum`
  ADD PRIMARY KEY (`forum_id`),
  ADD KEY `user_ID` (`user_ID`);

--
-- Indexes for table `groupss`
--
ALTER TABLE `groupss`
  ADD PRIMARY KEY (`group_id`),
  ADD KEY `user_id` (`user_id`);

--
-- Indexes for table `group_members`
--
ALTER TABLE `group_members`
  ADD PRIMARY KEY (`g_member_id`),
  ADD KEY `grou_id` (`grou_id`),
  ADD KEY `m_id` (`m_id`);

--
-- Indexes for table `login`
--
ALTER TABLE `login`
  ADD PRIMARY KEY (`login_id`);

--
-- Indexes for table `members`
--
ALTER TABLE `members`
  ADD PRIMARY KEY (`m_id`),
  ADD KEY `user_id` (`user_id`);

--
-- Indexes for table `opportunity`
--
ALTER TABLE `opportunity`
  ADD PRIMARY KEY (`opportunity_id`),
  ADD KEY `user_ID` (`user_ID`);

--
-- Indexes for table `profile`
--
ALTER TABLE `profile`
  ADD PRIMARY KEY (`info_id`),
  ADD KEY `user_ID` (`user_ID`);

--
-- Indexes for table `users`
--
ALTER TABLE `users`
  ADD PRIMARY KEY (`user_ID`);

--
-- Indexes for table `users_api_alumni`
--
ALTER TABLE `users_api_alumni`
  ADD PRIMARY KEY (`user_id`);

--
-- AUTO_INCREMENT for dumped tables
--

--
-- AUTO_INCREMENT for table `chat`
--
ALTER TABLE `chat`
  MODIFY `chat_id` int(11) NOT NULL AUTO_INCREMENT, AUTO_INCREMENT=47;

--
-- AUTO_INCREMENT for table `collagenews`
--
ALTER TABLE `collagenews`
  MODIFY `co_news_id` int(11) NOT NULL AUTO_INCREMENT, AUTO_INCREMENT=7;

--
-- AUTO_INCREMENT for table `comment`
--
ALTER TABLE `comment`
  MODIFY `comment_id` int(11) NOT NULL AUTO_INCREMENT, AUTO_INCREMENT=15;

--
-- AUTO_INCREMENT for table `event`
--
ALTER TABLE `event`
  MODIFY `event_id` int(11) NOT NULL AUTO_INCREMENT, AUTO_INCREMENT=10;

--
-- AUTO_INCREMENT for table `feedback`
--
ALTER TABLE `feedback`
  MODIFY `feed_id` int(11) NOT NULL AUTO_INCREMENT, AUTO_INCREMENT=13;

--
-- AUTO_INCREMENT for table `forum`
--
ALTER TABLE `forum`
  MODIFY `forum_id` int(11) NOT NULL AUTO_INCREMENT, AUTO_INCREMENT=7;

--
-- AUTO_INCREMENT for table `groupss`
--
ALTER TABLE `groupss`
  MODIFY `group_id` int(11) NOT NULL AUTO_INCREMENT, AUTO_INCREMENT=8;

--
-- AUTO_INCREMENT for table `group_members`
--
ALTER TABLE `group_members`
  MODIFY `g_member_id` int(11) NOT NULL AUTO_INCREMENT, AUTO_INCREMENT=20;

--
-- AUTO_INCREMENT for table `login`
--
ALTER TABLE `login`
  MODIFY `login_id` int(11) NOT NULL AUTO_INCREMENT, AUTO_INCREMENT=68;

--
-- AUTO_INCREMENT for table `members`
--
ALTER TABLE `members`
  MODIFY `m_id` int(11) NOT NULL AUTO_INCREMENT, AUTO_INCREMENT=20;

--
-- AUTO_INCREMENT for table `opportunity`
--
ALTER TABLE `opportunity`
  MODIFY `opportunity_id` int(11) NOT NULL AUTO_INCREMENT, AUTO_INCREMENT=18;

--
-- AUTO_INCREMENT for table `profile`
--
ALTER TABLE `profile`
  MODIFY `info_id` int(11) NOT NULL AUTO_INCREMENT, AUTO_INCREMENT=14;

--
-- AUTO_INCREMENT for table `users`
--
ALTER TABLE `users`
  MODIFY `user_ID` int(11) NOT NULL AUTO_INCREMENT, AUTO_INCREMENT=68;

--
-- Constraints for dumped tables
--

--
-- Constraints for table `chat`
--
ALTER TABLE `chat`
  ADD CONSTRAINT `chat_ibfk_1` FOREIGN KEY (`g_member_id`) REFERENCES `group_members` (`g_member_id`) ON DELETE CASCADE ON UPDATE CASCADE,
  ADD CONSTRAINT `chat_ibfk_2` FOREIGN KEY (`m_id`) REFERENCES `members` (`m_id`) ON DELETE CASCADE ON UPDATE CASCADE;

--
-- Constraints for table `collagenews`
--
ALTER TABLE `collagenews`
  ADD CONSTRAINT `collagenews_ibfk_1` FOREIGN KEY (`user_ID`) REFERENCES `users` (`user_ID`) ON DELETE CASCADE ON UPDATE CASCADE;

--
-- Constraints for table `comment`
--
ALTER TABLE `comment`
  ADD CONSTRAINT `comment_ibfk_1` FOREIGN KEY (`forum_id`) REFERENCES `forum` (`forum_id`) ON DELETE CASCADE ON UPDATE CASCADE,
  ADD CONSTRAINT `comment_ibfk_2` FOREIGN KEY (`user_ID`) REFERENCES `users` (`user_ID`) ON DELETE CASCADE ON UPDATE CASCADE;

--
-- Constraints for table `event`
--
ALTER TABLE `event`
  ADD CONSTRAINT `event_ibfk_1` FOREIGN KEY (`user_ID`) REFERENCES `users` (`user_ID`) ON DELETE CASCADE ON UPDATE CASCADE;

--
-- Constraints for table `forum`
--
ALTER TABLE `forum`
  ADD CONSTRAINT `forum_ibfk_1` FOREIGN KEY (`user_ID`) REFERENCES `users` (`user_ID`) ON DELETE CASCADE ON UPDATE CASCADE;

--
-- Constraints for table `groupss`
--
ALTER TABLE `groupss`
  ADD CONSTRAINT `groupss_ibfk_1` FOREIGN KEY (`user_id`) REFERENCES `users` (`user_ID`) ON DELETE CASCADE ON UPDATE CASCADE;

--
-- Constraints for table `group_members`
--
ALTER TABLE `group_members`
  ADD CONSTRAINT `group_members_ibfk_1` FOREIGN KEY (`grou_id`) REFERENCES `groupss` (`group_id`) ON DELETE CASCADE ON UPDATE CASCADE,
  ADD CONSTRAINT `group_members_ibfk_2` FOREIGN KEY (`m_id`) REFERENCES `members` (`m_id`) ON DELETE CASCADE ON UPDATE CASCADE;

--
-- Constraints for table `members`
--
ALTER TABLE `members`
  ADD CONSTRAINT `members_ibfk_1` FOREIGN KEY (`user_id`) REFERENCES `users` (`user_ID`) ON DELETE CASCADE ON UPDATE CASCADE;

--
-- Constraints for table `opportunity`
--
ALTER TABLE `opportunity`
  ADD CONSTRAINT `opportunity_ibfk_1` FOREIGN KEY (`user_ID`) REFERENCES `users` (`user_ID`) ON DELETE CASCADE ON UPDATE CASCADE;

--
-- Constraints for table `profile`
--
ALTER TABLE `profile`
  ADD CONSTRAINT `profile_ibfk_1` FOREIGN KEY (`user_ID`) REFERENCES `users` (`user_ID`) ON DELETE CASCADE ON UPDATE CASCADE;

--
-- Constraints for table `users`
--
ALTER TABLE `users`
  ADD CONSTRAINT `users_ibfk_1` FOREIGN KEY (`user_ID`) REFERENCES `login` (`login_id`) ON DELETE CASCADE ON UPDATE CASCADE;
COMMIT;

/*!40101 SET CHARACTER_SET_CLIENT=@OLD_CHARACTER_SET_CLIENT */;
/*!40101 SET CHARACTER_SET_RESULTS=@OLD_CHARACTER_SET_RESULTS */;
/*!40101 SET COLLATION_CONNECTION=@OLD_COLLATION_CONNECTION */;
